ID;mag_I;mag_V;P;error_P;t_max;amp_I;R_21;phi_21;R_31;phi_31;mode;ra;dec;OGLE-IV ID;OGLE-III ID;OGLE-II ID;GCVS;DASCH
OGLE-LMC-CEP-0619;;;133.77926000000002;0.15162060000000002;;;;;;;F;05:00:07.57;-68:27:00.0;LMC126.4.1463;;;;True
OGLE-LMC-CEP-1591;;;118.623962;0.26634559999999996;;;;;;;F;05:19:30.51;-68:41:09.7;LMC101.2.39730;HV2447;;;True
OGLE-LMC-CEP-4629;;;108.7;0.5;;;;;;;F;04:56:26.89;-64:41:41.0;HV2883;NSV01789;;;False
OGLE-LMC-CEP-4628;;;99.2;0.5;;;;;;;F;04:55:40.55;-66:25:43.2;HV5497;;;;True
OGLE-LMC-CEP-4689;;;78.50772909999999;0.3768344;6070.17727;;;;;;F;05:43:47.33;-66:35:09.0;HV2827;;;;True
OGLE-LMC-CEP-4691;;;73.89666729999999;0.1635181;6037.39024;;;;;;F;05:44:50.57;-67:29:40.6;G458;HD270100;;;True
OGLE-LMC-CEP-0992;;;52.873684999999995;0.5317178000000001;;;;;;;F;05:07:15.98;-68:53:00.6;LMC118.1.65164;;;;True
OGLE-LMC-CEP-2253;;12.806;52.3739542;0.0335472;;;;;;;F;05:31:21.80;-70:57:25.4;LMC171.6.18892;HV2622;;;True
OGLE-LMC-CEP-1290;;13.558;48.3837411;0.0708383;;;;;;;F;05:13:53.69;-67:03:49.0;HV2369;;;;True
OGLE-LMC-CEP-4663;;;47.956202600000005;0.0324546;6044.88173;;;;;;F;05:25:08.28;-67:38:39.3;HV953;;;;True
OGLE-LMC-CEP-0966;;12.76;47.384629100000005;0.020162799999999998;;;;;;;F;05:06:47.97;-70:02:13.4;LMC120.1.40540;HV900;;;True
OGLE-LMC-CEP-0461;;14.245999999999999;45.1660779;0.0118114;;;;;;;F;04:57:01.78;-67:59:42.6;HV877;;;;True
OGLE-LMC-CEP-0943;;;42.23865;0.0123037;;;;;;;F;05:06:08.88;-71:15:26.1;LMC122.1.3754;HV2338;;;True
OGLE-LMC-CEP-0512;;13.135;39.397564;0.0188278;;;;;;;F;04:58:10.80;-69:56:58.9;LMC128.7.12809;HV2257;;;True
OGLE-LMC-CEP-1113;;;37.558690000000006;0.0257272;;;;;;;F;05:09:20.15;-70:27:27.0;LMC113.7.39583;HV909;;;True
OGLE-LMC-CEP-0510;;13.728;36.830825299999994;0.0022925000000000003;;;;;;;F;04:58:05.58;-69:27:15.5;HV879;;;;True
OGLE-LMC-CEP-0945;;12.738;36.579977;0.022239099999999998;;;;;;;F;05:06:14.81;-66:40:45.9;LMC115.5.17550;;;;True
OGLE-LMC-CEP-0528;;13.319;35.7309134;0.0016214000000000003;;;;;;;F;04:58:32.78;-70:20:45.7;HV881;;;;True
OGLE-LMC-CEP-0328;12.088;13.124;34.4486189;0.002231;6030.97413;614;452;4.995;268;3.762;F;04:54:23.76;-70:54:05.8;LMC530.02.3250D;HV873;;;True
OGLE-LMC-CEP-1637;;13.302999999999999;31.944625899999995;0.0045308;;;;;;;F;05:20:23.00;-69:02:17.5;LMC100.4.25102;;;;True
OGLE-LMC-CEP-0590;;13.343;31.786860200000003;0.0007174;;;;;;;F;04:59:41.15;-69:27:22.0;LMC509.32.11;HV882;;;True
OGLE-LMC-CEP-0986;;13.343;31.060540399999997;0.00048239999999999996;;;;;;;F;05:07:07.80;-68:53:19.6;LMC510.11.35;LMC_SC13_228645;HV899;;True
OGLE-LMC-CEP-4683;;;30.481634200000002;0.012691899999999999;6028.7600299999995;;;;;;F;05:35:49.42;-66:42:01.7;HV1002;;;;True
OGLE-LMC-CEP-1058;;13.492;30.400403700000002;0.000536;;;;;;;F;05:08:18.26;-68:46:47.1;LMC510.11.55330;LMC_SC11_162232;HV904;;True
OGLE-LMC-CEP-0434;;13.415999999999999;30.348534700000002;0.0024039;;;;;;;F;04:56:27.51;-69:22:46.7;HV875;;;;True
OGLE-LMC-CEP-0367;;13.77;29.822481699999997;0.0025258000000000004;;;;;;;F;04:55:06.30;-67:28:33.1;LMC532.28.31977;LMC132.3.1;HV872;;True
OGLE-LMC-CEP-0068;12.748;13.584000000000001;28.3738735;0.00037030000000000006;6005.00515;0.7609999999999999;0.40700000000000003;5.0569999999999995;302;3.804;F;04:45:37.19;-70:15:03.7;LMC530.24.6894;HV8036;;;True
OGLE-LMC-CEP-1632;12.937999999999999;14.061;28.193753100000002;0.0004849;6021.60544;0.5870000000000001;0.29600000000000004;4.909;201;3.2039999999999997;F;05:20:17.44;-67:56:53.4;LMC504.20.19711;HV934;;;True
OGLE-LMC-CEP-2019;12.630999999999998;13.603;28.1003147;0.00029219999999999995;6024.579629999999;715;0.38299999999999995;5.073;0.23399999999999999;3.736;F;05:26:55.90;-69:58:48.8;LMC516.15.99309;LMC_SC4_271200;HV2540;;True
OGLE-LMC-CEP-0654;;13.616;27.9374559;0.016468599999999996;;;;;;;F;05:00:55.15;-66:38:14.2;LMC533.17.22985;HV2251;;;True
OGLE-LMC-CEP-3853;12.802;13.835;27.8821266;0.0006764;6024.3006700000005;0.47700000000000004;0.28;4.888999999999999;175;3.2289999999999996;F;05:18:33.69;-67:12:53.4;LMC505.04.13933;HV929;;;True
OGLE-LMC-CEP-0137;;13.350999999999999;27.100630900000002;0.0007566;;;;;;;F;04:49:53.77;-69:45:16.4;LMC136.6.8726;;;;True
OGLE-LMC-CEP-3981;12.972999999999999;14.186;26.9936935;0.0004518;6015.038729999999;506;285;4.888;185;3.032;F;05:25:37.19;-66:24:21.7;LMC519.15.17713;HV2507;;;True
OGLE-LMC-CEP-3158;12.677999999999999;13.662;26.554669699999998;0.000268;6004.75063;0.5589999999999999;319;4.937;0.20600000000000002;3.3560000000000003;F;05:46:36.18;-68:11:03.4;LMC554.11.10038;HV1023;;;True
OGLE-LMC-CEP-0999;;13.190999999999999;26.335887899999996;0.0007144;;;;;;;F;05:07:20.09;-70:27:15.3;LMC509.03.31;HV902;;;True
OGLE-LMC-CEP-4066;;13.552;26.150415600000002;0.0027833000000000003;;;;;;;F;05:30:02.44;-65:56:01.9;LMC519.22.10149;HV12815;;;True
OGLE-LMC-CEP-0821;;13.665999999999999;25.8035283;0.0002996;;;;;;;F;05:03:49.50;-68:56:02.7;LMC510.13.33;LMC118.8.11;LMC_SC14_170002;HV889;True
OGLE-LMC-CEP-2504;;13.179;24.336152300000002;0.0052354;;;;;;;F;05:35:36.14;-68:32:03.8;LMC174.6.14779;HV1003;;;True
OGLE-LMC-CEP-4630;;;24.239456699999998;0.0072798;6015.34358;;;;;;F;04:57:45.06;-65:42:30.1;HV6098;V;Dor;;True
OGLE-LMC-CEP-2832;12.770999999999999;13.825;24.133504600000002;0.00019219999999999998;6019.4974600000005;493;235;4.901;161;2.779;F;05:39:53.64;-67:50:08.8;LMC554.24.12767;HV1013;;;True
OGLE-LMC-CEP-4634;12.437000000000001;;23.9950282;0.0016294;6022.5003799999995;698;0.33299999999999996;5.015;245;3.266;F;05:03:08.06;-66:13:51.6;LMC512.15.4397D;HV886;;;True
OGLE-LMC-CEP-3409;13.140999999999998;14.15;23.681323300000003;0.00022430000000000003;6001.12842;0.7120000000000001;0.32899999999999996;5.027;204;3.375;F;04:49:04.39;-69:06:42.8;LMC531.23.8874;;;;False
OGLE-LMC-CEP-1677;13.083;13.92;23.5740471;0.00031120000000000003;6003.16953;915;0.34299999999999997;5.072;0.23199999999999998;3.5180000000000002;F;05:21:12.46;-69:03:07.5;LMC503.20.43237;HV938;;;True
OGLE-LMC-CEP-0501;;13.564;23.3111155;0.000538;;;;;;;F;04:57:51.04;-69:57:29.7;LMC509.16.21542;LMC128.7.11093;HV878;;True
OGLE-LMC-CEP-2780;13.395;14.628;23.1111863;0.00028310000000000005;6010.0441200000005;0.38299999999999995;192;4.541;146;2.4019999999999997;F;05:39:15.16;-69:19:39.2;LMC553.16.18730;LMC175.2.19;HV2749;;True
OGLE-LMC-CEP-2176;12.925999999999998;;23.0518799;0.0013177999999999998;6022.78402;648;318;5.062;191;3.423;F;05:30:13.47;-69:26:15.5;LMC516.30.8728D;LMC168.8.64450;LMC_SC2_108984;;True
OGLE-LMC-CEP-0467;12.775;13.704;22.719542899999997;0.00047999999999999996;6008.11996;0.6659999999999999;327;4.99;223;3.3569999999999998;F;04:57:12.33;-67:22:57.3;LMC533.03.4222;LMC132.3.14198;HV876;;True
OGLE-LMC-CEP-0079;13.103;14.132;22.543781699999997;0.0002185;6001.56476;0.6629999999999999;306;5.0360000000000005;192;3.3110000000000004;F;04:47:06.88;-69:17:39.5;LMC531.24.889D;U1;;;True
OGLE-LMC-CEP-0819;12.963;14.033;22.314455300000002;0.0001394;6007.631539999999;0.5720000000000001;282;4.98;174;3.074;F;05:03:46.17;-68:52:36.4;LMC510.13.62;LMC118.8.51202;LMC_SC14_109640;HV2291;True
OGLE-LMC-CEP-0147;;13.478;22.2630923;0.0037556999999999994;;;;;;;F;04:50:03.19;-68:15:34.9;LMC140.1.17934;;;;True
OGLE-LMC-CEP-0360;13.394;14.39;22.085903100000003;0.0005268;6007.0454;552;264;4.861000000000001;177;3.139;F;04:55:01.24;-69:40:20.1;LMC531.03.17012;LMC136.4.18188;HV2245;;True
OGLE-LMC-CEP-1587;12.945;13.972000000000001;21.6063407;0.00048550000000000004;6019.5142;264;141;4.105;79;1.89;F;05:19:27.78;-69:30:30.2;LMC503.12.17471;LMC_SC7_286532;HV2453;;True
OGLE-LMC-CEP-0801;12.875;13.77;21.2644027;0.0001899;6001.20824;726;349;4.944;249;3.21;F;05:03:26.49;-69:08:56.2;LMC510.05.56074;LMC_SC14_88441;HV2292;;True
OGLE-LMC-CEP-3956;12.963;13.934000000000001;21.2537954;0.000271;6015.18817;499;0.21600000000000003;5.004;124;2.609;F;05:24:29.13;-72:17:06.2;LMC501.01.12612;HV12804;;;True
OGLE-LMC-CEP-0935;12.898;13.904000000000002;21.1161935;0.0002229;6002.280760000001;529;245;5.027;0.13;3.2439999999999998;F;05:06:00.89;-69:06:17.2;LMC510.04.57340;LMC_SC13_74156;HV893;;True
OGLE-LMC-CEP-0063;;13.63;21.067711;0.004089199999999999;;;;;;;F;04:45:18.63;-69:16:38.6;LMC142.7.13456;;;;True
OGLE-LMC-CEP-3891;13.097999999999999;14.217;20.7077109;0.00029160000000000004;6015.624379999999;0.41100000000000003;0.19899999999999998;4.7219999999999995;158;2.54;F;05:20:55.55;-66:39:43.4;LMC505.20.12024;HV2454;;;True
OGLE-LMC-CEP-0712;12.742;13.620999999999999;20.7042681;0.00045860000000000003;6007.58352;0.49700000000000005;397;4.838;256;3.278;F;05:01:54.57;-68:54:14.5;LMC126.1.23248;LMC_SC15_148920;;;True
OGLE-LMC-CEP-0847;13.337;14.302999999999999;20.638944600000002;0.0001107;6016.76233;703;0.35100000000000003;5.147;0.22399999999999998;3.73;F;05:04:19.63;-68:55:49.1;LMC510.13.38;LMC118.8.12267;LMC_SC14_170005;;True
OGLE-LMC-CEP-2944;13.335999999999999;14.328;20.3183438;0.00023119999999999998;6000.825129999999;469;0.21899999999999997;4.872;159;2.7289999999999996;F;05:41:36.23;-69:41:37.1;LMC553.06.60169;LMC176.3.44974;HV2789;;True
OGLE-LMC-CEP-0249;13.099;13.95;20.0861576;0.00020980000000000003;6015.92029;0.5379999999999999;247;5.008;138;3.042;F;04:52:47.69;-68:20:55.4;LMC532.13.6;U11;;;True
OGLE-LMC-CEP-2949;13.167;14.125;19.2261771;0.000207;6010.41251;589;207;4.977;126;2.286;F;05:41:48.54;-68:41:16.1;LMC554.05.3;LMC182.7.32;HV2793;;True
OGLE-LMC-CEP-1833;13.197000000000001;14.12;19.1574001;0.0002275;6015.13799;615;262;5.023;142;2.9810000000000003;F;05:23:29.04;-69:18:37.5;LMC503.09.99300;LMC161.7.72831;LMC_SC5_220851;HV2488;True
OGLE-LMC-CEP-2534;13.225999999999999;14.068;18.7173242;0.0001962;6017.23323;669;309;5.12;172;3.391;F;05:36:06.79;-68:49:13.4;LMC517.10.12315;LMC174.8.37;HV1005;;True
OGLE-LMC-CEP-1080;13.056;14.015999999999998;18.6607062;0.0001393;6016.63714;504;217;4.9430000000000005;134;2.655;F;05:08:43.98;-68:45:28.0;LMC510.10.57309;LMC118.2.26606;LMC_SC11_250872;;False
OGLE-LMC-CEP-0538;13.106;14.002;18.5303986;0.0005803;6008.897370000001;326;163;5.109;77;3.795;F;04:58:40.51;-67:06:03.3;LMC533.10.3;LMC123.8.5;HV12499;;True
OGLE-LMC-CEP-1031;13.324000000000002;14.309000000000001;18.4694513;0.0001228;6000.8654799999995;0.5379999999999999;0.22;5.019;135;2.667;F;05:07:42.12;-69:14:48.1;LMC510.03.10;LMC_SC11_32393;HV901;;True
OGLE-LMC-CEP-2979;13.684000000000001;14.828;17.7952978;0.00010449999999999999;6008.7807299999995;557;0.22699999999999998;5.001;133;2.859;F;05:42:16.62;-70:36:12.1;LMC552.15.24362;LMC177.1.60564;LMC_SC18_174762;HV2791;True
OGLE-LMC-CEP-4357;13.524000000000001;14.65;17.5278785;0.0001198;6012.42551;529;198;4.993;121;2.447;F;05:45:09.95;-67:23:09.1;LMC555.03.3001;HV2836;;;True
OGLE-LMC-CEP-0787;13.198;14.13;17.521131399999998;0.000132;6016.09509;0.5489999999999999;228;5.044;124;2.8360000000000003;F;05:03:09.07;-69:13:24.0;LMC510.06.20;LMC_SC14_84259;HV2288;;True
OGLE-LMC-CEP-4647;13.259;;17.5187126;0.0032040999999999997;6013.98922;602;284;5.1979999999999995;122;3.5039999999999996;F;05:15:13.99;-65:49:08.0;LMC506.14.800D;HV2888;;;True
OGLE-LMC-CEP-0970;13.327;14.263;17.4598258;0.0001402;6004.29983;551;183;4.888;125;2.105;F;05:06:52.97;-68:39:35.6;LMC510.20.11;LMC118.2.56618;LMC_SC13_178831;HV2319;True
OGLE-LMC-CEP-0535;;13.661;17.2788297;0.00029560000000000003;;;;;;;F;04:58:36.13;-70:06:38.4;LMC509.16.37;LMC128.8.14857;HV2261;;True
OGLE-LMC-CEP-0844;13.065;13.927999999999999;17.213084600000002;0.00013330000000000001;6012.956120000001;728;263;5.065;0.18100000000000002;2.7230000000000003;F;05:04:15.47;-69:01:36.4;LMC510.05.56113;LMC_SC14_160625;HV891;;True
OGLE-LMC-CEP-1086;13.463;14.319;17.2020785;0.00011240000000000001;6014.90784;562;0.26899999999999996;5.136;156;3.27;F;05:08:48.37;-66:55:04.3;LMC511.28.18103;LMC115.2.14559;HV5594;;True
OGLE-LMC-CEP-4061;13.118;13.972000000000001;16.915024300000002;0.00013159999999999997;6001.32631;569;198;5.008;115;2.386;F;05:29:25.61;-66:14:23.3;LMC519.13.4476D;HV2580;;;True
OGLE-LMC-CEP-0820;13.628;14.427999999999999;16.836743;0.00024380000000000002;6012.82977;0.5870000000000001;258;5.12;0.16;3.207;F;05:03:47.89;-67:27:12.8;LMC511.23.1;LMC124.3.14665;HV2273;;True
OGLE-LMC-CEP-3396;13.177999999999999;14.137;16.680283300000003;0.000537;6011.326410000001;127;0.040999999999999995;3.883;0.0;;F;04:46:08.50;-69:02:47.2;LMC531.25.9133;;;;True
OGLE-LMC-CEP-2023;13.001;13.782;16.225761300000002;0.0001869;6004.0493;0.6629999999999999;251;4.781000000000001;0.18100000000000002;2.048;F;05:27:00.56;-71:38:35.7;LMC515.07.24933;LMC165.2.19817;HV2549;;True
OGLE-LMC-CEP-4130;13.089;13.859000000000002;16.2221132;0.0001421;6000.73016;0.6579999999999999;332;4.9910000000000005;215;3.085;F;05:32:58.73;-66:43:26.2;LMC519.03.4395;HV2667;;;True
OGLE-LMC-CEP-2937;13.612;14.75;16.1610598;0.0001672;6001.56003;0.7390000000000001;312;5.095;0.18899999999999997;3.321;F;05:41:27.51;-70:47:45.1;LMC552.15.32037;LMC178.4.8027;LMC_SC18_113689;HV2772;True
OGLE-LMC-CEP-2168;13.67;14.64;15.991484900000001;9.46e-05;6008.91749;0.54;0.23;5.045;134;2.7710000000000004;F;05:30:02.24;-69:52:59.2;LMC516.23.18;LMC169.7.103139;LMC_SC2_55470;HV985;True
OGLE-LMC-CEP-0848;13.373;14.229000000000001;15.9879745;0.0001636;6000.40849;733;316;5.14;0.19;3.345;F;05:04:21.08;-68:43:42.8;LMC510.13.54193;LMC118.7.56173;LMC_SC14_182466;HV892;True
OGLE-LMC-CEP-0174;13.665999999999999;14.739;15.8633946;0.0001107;6005.8133;0.47100000000000003;125;4.628;145;1.784;F;04:50:52.44;-69:18:56.0;LMC531.13.17275;LMC135.7.20856;HV12471;;True
OGLE-LMC-CEP-2056;13.194;14.069;15.8439636;8.28e-05;6006.36056;682;221;5.002;0.15;2.3680000000000003;F;05:27:42.94;-70:00:49.9;LMC516.15.26177;LMC162.1.91230;LMC_SC3_26910;HV973;True
OGLE-LMC-CEP-0545;13.265999999999998;;15.831564800000002;0.0012231;6013.05803;539;165;4.971;124;1.857;F;04:58:47.11;-70:03:41.7;LMC509.15.5392D;LMC128.8.35136;;;True
OGLE-LMC-CEP-3611;13.125;13.995999999999999;15.645365900000002;0.0001199;6003.80245;655;242;5.081;153;2.502;F;05:08:02.18;-71:57:38.6;LMC507.27.10;HV12762;;;True
OGLE-LMC-CEP-1616;13.765999999999998;14.819;15.5505082;7.26e-05;6006.79619;738;0.28800000000000003;5.119;183;3.12;F;05:19:59.93;-69:10:25.5;LMC503.20.68741;LMC100.3.77874;LMC_SC6_118107;HV933;True
OGLE-LMC-CEP-0546;13.248;14.024000000000001;15.216234900000002;0.0001111;6011.57027;635;0.33;4.905;0.21899999999999997;2.906;F;04:58:48.26;-67:19:07.9;LMC533.02.4343;LMC124.5.4122;HV2249;;True
OGLE-LMC-CEP-1180;13.402000000000001;14.285;15.126981900000002;8.240000000000001e-05;6011.81372;604;0.18600000000000003;4.9430000000000005;134;2.195;F;05:10:56.30;-69:01:55.7;LMC510.01.56678;LMC111.5.22528;LMC_SC10_119173;HV2356;True
OGLE-LMC-CEP-0683;13.414000000000001;14.321;14.6774663;0.00011850000000000001;6002.9945;0.5760000000000001;159;5.013;121;1.9340000000000002;F;05:01:24.94;-70:04:18.3;LMC509.14.51;LMC128.1.11808;HV2282;;True
OGLE-LMC-CEP-0727;13.286;14.12;14.489150199999997;6.929999999999999e-05;6007.95918;654;218;4.867;166;1.839;F;05:02:10.24;-69:32:23.8;LMC509.31.18;LMC128.4.53931;LMC_SC15_167787;HV887;True
OGLE-LMC-CEP-1001;13.489;14.380999999999998;14.4670756;9.209999999999999e-05;6000.4998399999995;509;121;4.754;136;1.704;F;05:07:21.69;-68:20:18.3;LMC510.28.8;LMC117.1.8;LMC_SC13_267454;HV2324;True
OGLE-LMC-CEP-0504;13.792;14.838;14.392962400000002;8.49e-05;6004.742770000001;0.5429999999999999;142;4.935;124;1.7990000000000002;F;04:57:56.71;-68:48:57.6;LMC531.26.15716;LMC126.8.39800;HV12505;;True
OGLE-LMC-CEP-2636;13.558;14.44;14.216845900000001;9.1e-05;6012.73076;742;0.23399999999999999;5.147;138;2.44;F;05:37:22.45;-69:28:59.3;LMC516.26.26052;LMC175.8.21682;HV1006;;True
OGLE-LMC-CEP-1184;13.62;14.57;14.212735999999998;8.28e-05;6013.43999;539;0.16399999999999998;5.092;0.11900000000000001;2.186;F;05:11:05.41;-70:30:34.4;LMC502.25.22978;LMC113.7.16211;HV5655;;True
OGLE-LMC-CEP-2307;13.917;;14.1894087;0.0004993;6001.4801;0.4;0.11699999999999999;4.455;156;1.807;F;05:32:23.36;-68:59:43.9;LMC517.12.292D;LMC168.4.24220;;;True
OGLE-LMC-CEP-0500;13.889000000000001;14.255;13.979358600000001;0.0021671999999999998;6002.81726;1.047;0.20199999999999999;5.369;0.10300000000000001;2.128;F;04:57:50.85;-67:50:18.8;LMC532.19.15196;LMC125.5.4;HV2244;;True
OGLE-LMC-CEP-1641;13.192;14.081;13.963247099999998;7.209999999999999e-05;6004.18702;593;0.23199999999999998;4.64;0.16399999999999998;1.5119999999999998;F;05:20:28.63;-69:01:31.8;LMC503.20.97677;LMC100.4.15649;HV2463;;True
OGLE-LMC-CEP-1166;13.488;14.382;13.9082639;7.929999999999999e-05;6010.94566;636;0.19399999999999998;5.008;132;2.207;F;05:10:36.10;-69:08:17.8;LMC510.01.56646;LMC111.6.55808;LMC_SC10_35590;HV911;True
OGLE-LMC-CEP-1088;13.4;;13.8791812;0.0001252;6002.7222600000005;0.5720000000000001;0.11599999999999999;4.952;0.14300000000000002;1.254;F;05:08:49.54;-68:59:59.1;LMC510.10.575D;LMC119.4.99400;LMC_SC11_227948;;True
OGLE-LMC-CEP-2030;13.498;14.456;13.8701546;0.0001097;6009.75044;312;81;3.0069999999999997;0.11599999999999999;1.0859999999999999;F;05:27:07.76;-68:29:42.9;LMC517.24.10678;LMC160.4.11070;HV2538;;True
OGLE-LMC-CEP-0070;13.754000000000001;14.765999999999998;13.7462846;7.94e-05;6011.02012;0.47;0.1;4.533;151;1.5959999999999999;F;04:46:01.08;-69:38:55.8;LMC538.17.12700;LMC143.4.5;HV12724;;True
OGLE-LMC-CEP-4664;13.314;;13.739543900000001;0.00015859999999999998;6007.76435;706;231;4.928999999999999;0.16;2.02;F;05:25:48.51;-67:21:07.1;LMC518.25.917D;HV955;;;True
OGLE-LMC-CEP-3013;13.512;14.43;13.659166399999998;7.65e-05;6012.69742;0.41700000000000004;0.10300000000000001;5.05;162;1.48;F;05:42:51.05;-70:08:12.3;LMC552.31.39683;LMC177.4.85439;LMC_SC19_48636;HV1019;True
OGLE-LMC-CEP-3091;13.710999999999999;14.697000000000001;13.641749599999999;0.0001079;6010.15615;304;92;4.373;0.08900000000000001;2.178;F;05:44:51.78;-68:28:33.7;LMC554.04.14810;LMC182.4.19;;;True
OGLE-LMC-CEP-1100;13.38;14.207;13.629853500000001;8.73e-05;6005.355170000001;442;158;4.738;0.12300000000000001;1.575;F;05:09:04.38;-70:21:54.1;LMC509.02.27148;HV2352;;;True
OGLE-LMC-CEP-0648;13.696;14.640999999999998;13.6262059;9.1e-05;6010.47501;489;107;4.853;134;1.736;F;05:00:48.36;-69:31:54.7;LMC509.31.23;LMC127.1.7455;LMC_SC15_56087;HV2270;True
OGLE-LMC-CEP-1539;13.504000000000001;14.515;13.5133053;9.31e-05;6002.13389;0.44799999999999995;128;4.742;128;1.818;F;05:18:22.11;-69:21:47.3;LMC503.12.127448;LMC100.7.52521;LMC_SC7_184038;;False
OGLE-LMC-CEP-4057;13.203;14.037;13.423685500000001;0.00013330000000000001;6009.93635;541;192;4.503;142;0.6709999999999999;F;05:29:16.58;-67:28:21.5;LMC518.13.22057;HV2579;;;True
OGLE-LMC-CEP-3203;13.382;14.187999999999999;13.402220699999999;0.0001078;6004.97437;0.33399999999999996;0.16899999999999998;4.38;114;1.263;F;05:48:06.94;-71:30:21.4;LMC551.21.25041;LMC187.6.25862;HV12656;;True
OGLE-LMC-CEP-1578;13.405;14.151;13.284187099999999;9.71e-05;6001.64565;0.7290000000000001;222;5.05;0.15;2.086;F;05:19:14.79;-69:36:18.1;LMC503.12.3;LMC103.4.67187;LMC_SC7_270379;HV932;True
OGLE-LMC-CEP-2337;13.637;14.546;13.1426527;0.0001002;6010.03021;0.55;147;5.043;0.11599999999999999;1.827;F;05:33:00.99;-68:11:27.6;LMC517.28.18011;LMC166.2.19629;HV997;;True
OGLE-LMC-CEP-1862;13.769;14.752;13.124368900000002;6.2e-05;6010.2815;436;71;4.013999999999999;0.14;1.393;F;05:24:13.45;-69:30:01.6;LMC503.09.69883;LMC161.8.35298;LMC_SC5_315434;;True
OGLE-LMC-CEP-0655;13.915999999999999;14.875;12.9872171;4.8899999999999996e-05;6009.9978200000005;0.5379999999999999;0.17800000000000002;5.032;0.12;2.213;F;05:00:55.87;-68:26:20.8;LMC510.24.34165;LMC126.4.7916;HV2260;;True
OGLE-LMC-CEP-1954;13.722999999999999;14.667;12.9500482;8.39e-05;6010.33802;611;179;5.127000000000001;0.11599999999999999;2.093;F;05:25:39.09;-71:06:39.8;LMC515.25.22432;LMC164.7.17093;HV2527;;True
OGLE-LMC-CEP-0949;13.597000000000001;14.425;12.9166525;7.840000000000001e-05;6002.8997899999995;664;0.2;5.088;128;2.085;F;05:06:16.89;-68:40:33.8;LMC510.21.6;LMC118.7.77545;LMC_SC13_173745;HV895;True
OGLE-LMC-CEP-2922;13.54;14.31;12.7704755;7.829999999999999e-05;6008.87727;603;0.29600000000000004;4.766;187;2.314;F;05:41:17.12;-72:11:54.7;LMC514.18.11163;LMC180.3.6;HV12839;;True
OGLE-LMC-CEP-4320;13.623;14.54;12.7409375;9.740000000000001e-05;6009.0590600000005;371;71;3.679;0.16399999999999998;1.38;F;05:43:19.74;-67:02:55.7;LMC555.12.2936;;;;False
OGLE-LMC-CEP-0969;13.703;14.62;12.721034300000001;0.0001084;6006.19794;0.49200000000000005;94;4.746;133;1.5130000000000001;F;05:06:52.86;-68:43:25.1;LMC510.11.55349;LMC118.2.56616;LMC_SC13_173734;HV2321;True
OGLE-LMC-CEP-0356;13.694;14.597999999999999;12.6841678;5.15e-05;6002.75703;0.6829999999999999;0.28600000000000003;5.0569999999999995;183;2.678;F;04:54:55.36;-70:15:22.8;LMC530.19.12340;LMC137.4.15750;HV874;;True
OGLE-LMC-CEP-4457;13.584000000000001;14.435;12.646078;0.00010229999999999999;6002.22179;281;65;2.349;92;1.288;F;05:49:57.93;-67:15:52.1;LMC562.24.11228;HV2865;;;True
OGLE-LMC-CEP-0800;13.637;14.456;12.636656;8.14e-05;6005.05176;612;0.17;5.07;126;1.9609999999999999;F;05:03:25.06;-68:46:21.0;LMC510.13.54189;LMC118.7.13;LMC_SC14_117525;HV2285;True
OGLE-LMC-CEP-0975;13.671;14.574000000000002;12.623895599999999;7.329999999999999e-05;6008.73965;0.47100000000000003;78;4.85;0.11900000000000001;1.389;F;05:06:58.28;-68:36:41.1;LMC510.20.22;LMC118.3.25;LMC_SC13_247787;HV898;True
OGLE-LMC-CEP-4600;13.587;14.407;12.5736834;7.900000000000001e-05;6003.2353299999995;0.66;0.23600000000000002;5.19;132;2.591;F;06:11:58.27;-68:44:45.8;LMC568.28.6589;HV12253;;;True
OGLE-LMC-CEP-0167;13.568;14.452;12.5108516;7.36e-05;6011.05209;0.39799999999999996;31;6.007000000000001;0.16699999999999998;501;F;04:50:41.96;-69:01:53.0;LMC531.22.15128;LMC135.5.3809;;;True
OGLE-LMC-CEP-1973;13.796;14.735;12.360795800000002;0.0001452;6001.19578;0.45799999999999996;38;3.767;145;1.1320000000000001;F;05:25:59.15;-69:54:49.0;LMC516.25.8;LMC162.2.75323;LMC_SC4_167923;HV958;True
OGLE-LMC-CEP-0212;13.914000000000001;14.854000000000001;12.326506;8.05e-05;6008.9594;0.5479999999999999;0.16699999999999998;5.1080000000000005;114;2.191;F;04:51:59.93;-68:53:27.0;LMC531.29.29724;LMC134.8.4136;HV12475;;True
OGLE-LMC-CEP-4148;13.561;14.427;12.3135892;0.00010460000000000001;6007.02823;444;0.027000000000000003;4.631;138;1.236;F;05:33:59.46;-67:38:15.8;LMC518.10.14479;HV998;;;True
OGLE-LMC-CEP-2102;13.647;14.5;12.2633646;5.2600000000000005e-05;6000.79687;389;39;3.045;149;1.172;F;05:28:38.09;-69:58:01.8;LMC516.14.104929;LMC162.2.58178;LMC_SC3_153951;HV978;True
OGLE-LMC-CEP-3533;13.592;14.370999999999999;12.2486576;4.8e-05;6007.26296;0.6559999999999999;198;5.0089999999999995;0.15;1.83;F;05:02:52.54;-71:42:01.0;LMC508.05.14;HV12745;;;True
OGLE-LMC-CEP-3640;13.827;;12.2349871;0.0015792999999999998;6006.89319;462;155;5.129;0.11199999999999999;2.537;F;05:09:54.33;-65:14:27.1;LMC513.11.9;HV12186;;;True
OGLE-LMC-CEP-0749;13.665;14.527000000000001;12.1951606;0.00010859999999999998;6008.90381;396;15;2.7760000000000002;133;1.146;F;05:02:26.71;-67:25:15.3;LMC511.24.3;LMC124.3.4699;HV12519;;True
OGLE-LMC-CEP-0812;13.725;14.607999999999999;12.194919699999998;4.46e-05;6004.9919899999995;586;0.15;4.81;0.15;826;F;05:03:37.96;-69:03:47.0;LMC510.05.56100;LMC119.5.12961;LMC_SC14_96614;;True
OGLE-LMC-CEP-0716;13.909;14.842;12.187942999999999;5.2000000000000004e-05;6002.15105;0.48700000000000004;159;5.029;122;2.013;F;05:02:00.95;-68:55:22.1;LMC510.14.19;LMC126.1.18765;LMC_SC15_204548;BV903;True
OGLE-LMC-CEP-3061;13.875;14.925;12.090402800000001;6.579999999999999e-05;6011.05365;0.5379999999999999;78;4.939;0.15;1.197;F;05:44:16.82;-69:18:14.7;LMC553.22.331D;LMC183.7.27477;;;True
OGLE-LMC-CEP-4118;13.504000000000001;14.374;12.077412800000001;0.0001079;6002.73819;322;86;1.198;0.11599999999999999;0.7070000000000001;F;05:32:47.24;-66:15:44.1;LMC519.11.12148;HV2662;;;True
OGLE-LMC-CEP-0923;13.384;14.173;12.064081;9.02e-05;6001.97658;539;155;4.947;122;0.52;F;05:05:50.87;-67:31:38.1;LMC511.12.22266;LMC116.7.13346;HV2299;;True
OGLE-LMC-CEP-1120;13.714;14.605;11.9045706;4.39e-05;6010.81125;529;0.09699999999999999;4.965;0.13;1.473;F;05:09:26.95;-68:54:12.8;LMC510.10.20;LMC118.1.35079;LMC_SC11_331546;HV906;True
OGLE-LMC-CEP-1109;13.615;14.413;11.8606009;3.9399999999999995e-05;6003.054929999999;0.63;215;4.75;152;1.357;F;05:09:15.94;-68:44:29.6;LMC510.10.57321;LMC118.2.43115;LMC_SC11_257240;HV905;True
OGLE-LMC-CEP-3163;13.712;;11.8358211;0.0003516;6004.60354;306;95;2.265;0.10800000000000001;1.012;F;05:46:43.21;-67:48:19.0;LMC554.19.3129D;LMC181.4.12599;;;True
OGLE-LMC-CEP-0561;13.547;14.251;11.6704376;5.04e-05;6001.91932;0.5429999999999999;272;4.613;154;1.768;F;04:59:07.25;-67:43:30.9;LMC532.26.6;LMC124.8.4665;HV880;;True
OGLE-LMC-CEP-2762;14.117;15.219000000000001;11.531114;9.04e-05;6009.01699;298;0.08900000000000001;2.6489999999999996;106;1.128;F;05:38:54.64;-70:18:42.5;LMC516.01.14710;LMC177.6.104612;LMC_SC17_157908;HV5979;True
OGLE-LMC-CEP-2917;13.677999999999999;14.520999999999999;11.4464069;0.0001467;6001.46789;0.5870000000000001;217;4.641;134;867;F;05:41:13.70;-69:03:51.9;LMC553.24.15288;LMC175.4.21681;HV2787;;True
OGLE-LMC-CEP-3574;13.856;14.452;11.3220933;0.0005281000000000001;6.005.402;65;0.054000000000000006;4.226;0.0;;F;05:05:32.87;-65:59:06.3;LMC512.22.15797;;;;True
OGLE-LMC-CEP-2133;13.833;14.754000000000001;11.2630268;7.99e-05;6003.13112;392;0.055999999999999994;3.023;0.14;1.0859999999999999;F;05:29:22.01;-69:18:44.4;LMC516.31.75124;LMC168.7.49370;HV2585;;True
OGLE-LMC-CEP-0034;13.751;14.673;11.255274900000002;6.459999999999998e-05;6007.28824;488;0.16699999999999998;4.749;0.10300000000000001;5.207999999999999;F;04:42:01.91;-70:38:49.0;LMC537.26.6947;LMC144.8.8;HV12716;;True
OGLE-LMC-CEP-1608;13.984000000000002;14.882;11.2460411;5.0600000000000003e-05;6004.534070000001;535;0.14;5.045;0.11900000000000001;1.7819999999999998;F;05:19:46.93;-70:15:30.3;LMC502.21.22516;LMC104.4.16;HV2462;;True
OGLE-LMC-CEP-2911;13.487;14.29;11.2389845;0.0001945;6002.8284;0.11900000000000001;45;5.1339999999999995;0.0;;F;05:41:10.53;-68:25:46.2;LMC554.06.18660;LMC182.5.9;;;True
OGLE-LMC-CEP-2429;13.637;14.468;11.231132;6.56e-05;6005.85254;0.44299999999999995;0.11;6.047000000000001;153;6.047999999999999;F;05:34:21.20;-67:49:01.7;LMC518.02.21726;LMC173.5.1;HV999;;True
OGLE-LMC-CEP-3832;13.722000000000001;14.624;11.212752199999999;9.300000000000001e-05;6006.269270000001;0.48700000000000004;65;4.872;133;1.426;F;05:17:22.04;-69:20:07.4;LMC503.13.54450;;;;False
OGLE-LMC-CEP-1391;13.796;14.679;11.0906525;8.36e-05;6004.16787;305;83;2.25;126;0.9690000000000001;F;05:15:40.50;-69:04:27.9;LMC503.23.31272;LMC111.4.34740;LMC_SC8_162069;HV921;True
OGLE-LMC-CEP-2189;13.550999999999998;14.277000000000001;10.9914255;4.95e-05;6007.955370000001;293;0.11800000000000001;4.601;42;5.211;F;05:30:27.01;-69:31:14.0;LMC516.30.47278;LMC168.8.27440;LMC_SC2_97934;HV2598;True
OGLE-LMC-CEP-4451;13.873;14.683;10.984246699999998;0.0002522;6003.39633;486;0.059000000000000004;4.87;0.13699999999999998;1.645;F;05:49:40.14;-67:00:27.9;LMC555.08.3060;HV2864;;;True
OGLE-LMC-CEP-4377;13.798;14.705;10.949921;0.0001091;6005.28049;259;0.10099999999999999;2.3040000000000003;87;972;F;05:46:24.32;-67:20:36.0;LMC555.02.2941;HV2847;;;True
OGLE-LMC-CEP-1538;13.51;14.567;10.91735;8.82e-05;6009.91841;456;171;5.535;0.17300000000000001;4.918;F;05:18:13.80;-68:19:30.6;LMC504.12.244D;LMC102.8.19130;HV2432;;True
OGLE-LMC-CEP-4572;13.639000000000001;14.417;10.91419;6.43e-05;6008.39552;0.5329999999999999;102;5.103;0.15;996;F;06:04:11.08;-68:12:58.7;LMC569.14.6259;UZ;Dor;HV12248;True
OGLE-LMC-CEP-0770;13.774000000000001;14.618;10.854486900000001;4.48e-05;6000.28732;0.47600000000000003;61;5.707000000000001;151;0.6609999999999999;F;05:02:51.54;-68:47:05.3;LMC510.14.48113;LMC126.2.28836;LMC_SC14_50505;HV2280;True
OGLE-LMC-CEP-4604;13.652000000000001;14.475;10.8507521;4.83e-05;6005.50155;496;0.07200000000000001;5.171;145;1.182;F;06:12:58.50;-68:15:19.9;LMC569.09.24;B1;;;False
OGLE-LMC-CEP-4625;14.009;;10.802306800000002;0.0015823;6005.72522;418;0.0;;125;1.146;F;04:49:08.84;-70:50:42.2;LMC530.13.689D;HV12486;;;True
OGLE-LMC-CEP-0741;13.577;14.337;10.7920443;3.84e-05;6002.07089;523;154;5.167999999999999;149;5.255;F;05:02:21.16;-69:13:17.0;LMC510.06.21;LMC127.3.31971;LMC_SC15_185375;HV12537;True
OGLE-LMC-CEP-3478;14.04;14.765;10.7796849;0.000667;6001.94174;57;71;4.883;47;5.605;F;04:56:53.81;-69:22:46.3;LMC531.09.42259;LMC127.7.19;;;True
OGLE-LMC-CEP-4055;13.755999999999998;14.572000000000001;10.7417835;9E-05;6007.84612;0.39299999999999996;43;306;126;0.8420000000000001;F;05:29:05.72;-64:59:43.4;LMC520.22.2;;;;True
OGLE-LMC-CEP-0798;13.867;;10.710436099999999;3.6700000000000004e-05;6008.21137;256;113;1.5419999999999998;65;373;F;05:03:23.65;-69:00:03.2;LMC510.13.671D;LMC119.5.54238;LMC_SC14_100794;;True
OGLE-LMC-CEP-3323;13.880999999999998;14.745999999999999;10.6876235;0.0001165;6001.01212;281;0.10099999999999999;2.42;98;991;F;05:58:00.00;-68:26:59.9;LMC561.21.8101;LMC196.4.29;HV12078;;True
OGLE-LMC-CEP-1784;14.026;14.924000000000001;10.6626314;3.87e-05;6003.69673;0.43;47;4.538;0.13699999999999998;1.399;F;05:22:42.80;-68:50:57.2;LMC503.27.8327;LMC160.8.35854;;;False
OGLE-LMC-CEP-0016;13.777000000000001;14.878;10.564274900000001;0.0013884000000000001;6008.4468799999995;0.14300000000000002;168;4.805;51;3.3339999999999996;F;04:38:32.53;-67:38:46.8;LMC540.14.3;LMC153.1.11;;;True
OGLE-LMC-CEP-0978;13.835999999999999;14.765;10.520182;0.0001217;6006.877039999999;0.25;205;6.22;62;5.466;F;05:06:59.71;-68:43:26.3;LMC510.11.55348;LMC118.2.56622;;;True
OGLE-LMC-CEP-1719;14.84;16.302;10.4874185;5.39e-05;6006.56103;509;138;5.029;146;6.058;F;05:21:55.32;-67:46:49.7;LMC504.19.31102;LMC102.4.14424;HV13064;;False
OGLE-LMC-CEP-0689;14.035;14.912;10.484416699999999;6.82e-05;6003.42715;0.27899999999999997;91;1.422;0.10099999999999999;0.9209999999999999;F;05:01:32.37;-70:17:29.0;LMC509.06.24646;LMC129.3.21697;HV5551;;True
OGLE-LMC-CEP-3284;13.985;14.895;10.4779243;6.809999999999999e-05;6009.69323;0.33399999999999996;0.07;1.992;0.11800000000000001;0.9690000000000001;F;05:53:05.57;-69:29:01.4;LMC553.08.3100;LMC190.1.55;UX;Dor;False
OGLE-LMC-CEP-0973;12.885;14.08;10.4648836;0.0002048;6010.008720000001;0.20600000000000002;154;4.724;121;4.66;F;05:06:56.18;-69:03:15.5;LMC510.03.53549;LMC_SC13_214116;HV2326;;True
OGLE-LMC-CEP-3890;14.038;14.937000000000001;10.4406748;8.28e-05;6.001.623;457;78;4.828;0.11699999999999999;1.7619999999999998;F;05:20:51.31;-66:05:24.1;LMC506.03.20;HV6105;;;True
OGLE-LMC-CEP-0708;13.703;14.482000000000001;10.413586;2.9299999999999997e-05;6004.30196;0.56;187;4.7330000000000005;0.11800000000000001;5.886;F;05:01:51.93;-69:23:22.1;LMC509.31.30717;LMC127.2.18016;LMC_SC15_118594;HV2277;True
OGLE-LMC-CEP-4317;13.665;14.492;10.4057829;4.66e-05;6009.01786;511;0.11800000000000001;5.272;142;6.182;F;05:43:13.44;-67:27:48.6;LMC554.30.12949;HV2816;;;True
OGLE-LMC-CEP-0114;13.792;14.592;10.371999;6.99e-05;6009.14841;355;155;4.819;79;4.46;F;04:49:12.46;-69:09:39.7;LMC531.23.4174;LMC142.3.14395;LMV1311;HV12451;True
OGLE-LMC-CEP-1237;13.827;14.735999999999999;10.348054699999999;3.32e-05;6.004.326;0.56;0.11800000000000001;5.112;0.14300000000000002;278;F;05:12:26.13;-69:13:56.9;LMC503.25.29;LMC111.6.31502;LMC_SC10_245236;HV2371;True
OGLE-LMC-CEP-0057;13.886;14.799000000000001;10.306780300000002;7.759999999999999e-05;6005.488670000001;318;0.23399999999999999;6.023;102;5.04;F;04:44:52.68;-69:01:59.5;LMC531.25.20439;LMC142.5.10066;LMV1525;HV12719;True
OGLE-LMC-CEP-1431;13.86;14.690999999999999;10.254908300000002;4.4200000000000004e-05;6000.73671;0.36200000000000004;0.08199999999999999;1.1159999999999999;0.11900000000000001;555;F;05:16:09.86;-69:32:39.5;LMC503.14.31;LMC100.8.25;LMC_SC8_111955;HV923;True
OGLE-LMC-CEP-2562;13.883;14.74;10.071744;0.00016130000000000002;6001.38456;135;106;1.138;33;6.235;F;05:36:28.20;-69:49:15.2;LMC516.19.45865;LMC176.6.11167;LMC_SC16_198114;;True
OGLE-LMC-CEP-2795;14.081;15.027000000000001;10.043795;4.54e-05;6000.02159;0.41700000000000004;0.052000000000000005;5.721;99;0.9209999999999999;F;05:39:25.59;-70:20:58.9;LMC552.25.55419;LMC177.6.104631;LMC_SC17_153916;HV1016;True
OGLE-LMC-CEP-4143;13.985;14.93;10.0255069;4.3200000000000007e-05;6006.57192;455;0.15;5.778;155;5.54;F;05:33:45.59;-67:44:39.1;LMC518.11.3;HV2675;;;True
OGLE-LMC-CEP-1252;13.74;14.579;9.9934543;3.5e-05;6006.69332;493;166;5.356;0.16699999999999998;4.915;F;05:12:49.78;-69:00:50.3;LMC503.25.40801;LMC111.4.46948;LMC_SC9_65304;HV2372;True
OGLE-LMC-CEP-0155;13.852;14.622;9.8496665;4.95e-05;6006.49871;0.39399999999999996;195;5.04;0.11;3.813;F;04:50:19.00;-69:43:02.2;LMC531.05.31431;LMC136.6.23;HV12474;;True
OGLE-LMC-CEP-4677;13.83;14.69;9.8433548;0.0011201;6009.23257;105;142;4.815;0.0;;F;05:34:22.93;-62:30:38.7;LMC593.17.34D;;;;False
OGLE-LMC-CEP-3286;14.029000000000002;14.913;9.8058327;6.92e-05;6007.61197;281;109;1.3980000000000001;96;0.71;F;05:53:08.76;-69:30:08.9;LMC553.08.3083;LMC190.1.58;HV2870;;False
OGLE-LMC-CEP-0139;14.142000000000001;15.039000000000001;9.7736415;5.920000000000001e-05;6008.06189;0.44799999999999995;0.08900000000000001;5.4079999999999995;134;0.7340000000000001;F;04:49:57.14;-69:07:38.0;LMC531.22.28659;LMC135.6.14648;;;True
OGLE-LMC-CEP-2061;13.773;;9.7410811;4.46e-05;6004.10177;0.36200000000000004;188;5.872000000000001;0.09;5.096;F;05:27:48.47;-68:22:56.9;LMC517.24.4385D;LMC160.4.38136;;;True
OGLE-LMC-CEP-2884;14.057;15.050999999999998;9.7334836;6.82e-05;6000.9520299999995;428;182;6.027;145;5.318;F;05:40:39.60;-70:46:03.1;LMC552.15.32043;LMC178.4.32822;LMC_SC18_59963;HV5990;True
OGLE-LMC-CEP-0878;13.902999999999999;14.712;9.7227311;5.5799999999999994e-05;6000.01001;0.36;184;5.707999999999999;96;5.252000000000001;F;05:05:02.75;-70:33:12.5;LMC508.29.20195;LMC121.7.17589;;;True
OGLE-LMC-CEP-0831;13.869000000000002;14.683;9.7128106;4.15e-05;6003.68601;0.41;204;5.941;147;5.15;F;05:03:57.26;-68:50:24.2;LMC510.13.54179;LMC118.8.62498;LMC_SC14_178619;HV2296;True
OGLE-LMC-CEP-2473;14.064;15.022;9.707538099999999;9.329999999999999e-05;6002.41475;134;149;515;21;6.187;F;05:35:14.28;-70:09:07.2;LMC516.11.10831;LMC170.4.98776;CV346;;True
OGLE-LMC-CEP-4603;13.922;14.734000000000002;9.6739034;4.68e-05;6006.58406;358;64;473;0.10099999999999999;0.7879999999999999;F;06:12:54.61;-67:58:24.4;LMC569.18.11;;;;False
OGLE-LMC-CEP-1115;13.937999999999999;14.79;9.671870199999999;5.05e-05;6001.68919;325;201;6.282;0.1;5.528;F;05:09:20.47;-68:51:05.3;LMC510.10.38;LMC118.1.84583;A83/NGC1854;;True
OGLE-LMC-CEP-2544;13.927999999999999;14.743;9.6109987;2.7699999999999996e-05;6003.34511;0.5;141;5.39;145;5.733;F;05:36:16.95;-69:54:15.3;LMC516.19.34581;LMC176.7.45821;LMC_SC16_127788;;True
OGLE-LMC-CEP-1910;14.08;14.960999999999999;9.5689385;3.570000000000001e-05;6009.199479999999;496;182;4.998;149;4.643;F;05:24:57.03;-69:13:32.6;LMC503.18.9172;LMC161.6.36850;LMC_SC5_455916;HV952;True
OGLE-LMC-CEP-0366;13.657;;9.5296099;0.0002988;6007.0032200000005;0.48700000000000004;0.32899999999999996;4.831;151;2.7569999999999997;F;04:55:04.38;-69:46:22.8;LMC531.03.4482D;LMC136.3.16637;;;True
OGLE-LMC-CEP-2252;14.097999999999999;15.019;9.526035;0.0001615;6005.58378;0.11800000000000001;115;0.5329999999999999;0.0;;F;05:31:21.08;-67:59:47.1;LMC518.04.14539;LMC166.3.1;;;True
OGLE-LMC-CEP-0751;12.985999999999999;13.981;9.495156800000002;8.02e-05;6001.14882;0.19399999999999998;192;4.871;113;3.35;F;05:02:27.47;-70:48:43.2;LMC508.30.1338D;HV2301;;;True
OGLE-LMC-CEP-1933;14.079;14.895;9.390167800000002;4.5e-05;6008.81436;591;0.24100000000000002;4.848;78;608;F;05:25:25.82;-68:23:51.1;LMC517.25.15753;LMC160.4.22666;HV2510;;True
OGLE-LMC-CEP-1940;15.034;16.483;9.379045300000001;9.85e-05;6002.2687;195;0.13;1.083;43;0.23399999999999999;F;05:25:28.95;-69:50:03.1;LMC516.25.78626;LMC162.6.61448;LMC_SC4_53528;;False
OGLE-LMC-CEP-0888;14.005;14.815;9.3692912;7.11e-05;6005.90387;285;0.20600000000000002;6.2010000000000005;0.08;5.385;F;05:05:16.04;-68:43:24.5;LMC510.12.55884;LMC118.7.66003;LMV1799;HV12321;True
OGLE-LMC-CEP-0151;14.162;15.133;9.364514699999999;8.77e-05;6006.23152;204;203;6.129;35;4.954;F;04:50:14.34;-68:49:28.1;LMC531.30.30626;LMC141.1.12817;;;True
OGLE-LMC-CEP-2765;14.548;15.763;9.355336;4.99e-05;6005.563810000001;309;0.14300000000000002;504;0.08900000000000001;0.022000000000000002;F;05:38:56.25;-70:23:02.0;LMC516.01.14712;LMC177.6.43633;LMC_SC17_153923;;False
OGLE-LMC-CEP-4388;13.998;14.867;9.3349719;0.0001107;6001.99274;0.16399999999999998;165;259;23;5.902;F;05:46:53.02;-67:44:21.2;LMC554.27.15;;;;True
OGLE-LMC-CEP-2211;13.948;;9.334863;8.1e-05;6004.501179999999;479;157;5.732;155;5.449;F;05:30:48.15;-71:11:32.0;LMC515.14.6007D;LMC171.8.31099;;;True
OGLE-LMC-CEP-1260;13.985;14.856;9.304571699999999;5.11e-05;6006.0035;0.21899999999999997;0.23199999999999998;5.995;0.052000000000000005;4.748;F;05:13:07.86;-69:03:09.3;LMC503.24.93393;LMC111.4.13;LMC_SC9_65307;LMV1129;True
OGLE-LMC-CEP-1234;14.002;14.897;9.3038194;4.85e-05;6006.78946;273;0.25;5.752000000000001;0.07;4.423;F;05:12:20.59;-69:22:44.9;LMC503.16.25645;LMC111.7.32140;LMC_SC10_235307;HV5658;True
OGLE-LMC-CEP-4033;13.755999999999998;14.514000000000001;9.296694800000001;5.96e-05;6002.0281700000005;446;0.33899999999999997;5.447;0.21600000000000003;3.887;F;05:28:15.61;-67:03:58.4;LMC518.31.15464;HV971;;;True
OGLE-LMC-CEP-2325;13.937000000000001;14.745;9.2679024;3.09e-05;6000.74282;0.51;158;5.497000000000001;162;5.398;F;05:32:46.73;-71:52:41.7;LMC514.30.19530;LMC172.8.18028;HV12829;;True
OGLE-LMC-CEP-2286;14.009;14.788;9.2158636;0.0001563;6004.02669;0.08800000000000001;0.09300000000000001;613;0.0;;F;05:31:56.28;-69:14:33.9;LMC517.04.40930;LMC168.6.32842;;;True
OGLE-LMC-CEP-1462;14.011;14.812999999999999;9.2011379;6.1e-05;6000.19782;0.22;126;5.376;0.028999999999999998;4.878;F;05:16:52.70;-69:01:56.5;LMC503.22.102895;LMC100.5.16631;LMC_SC8_254032;LMV874;True
OGLE-LMC-CEP-2209;14.103;15.012;9.179032800000002;0.0001205;6006.2076;109;128;179;0.0;;F;05:30:45.85;-68:47:27.0;LMC517.13.14735;LMC167.7.17445;;;True
OGLE-LMC-CEP-1262;14.091;15.055;9.133362599999998;5.3400000000000004e-05;6006.11077;195;192;132;32;5.466;F;05:13:10.34;-69:06:54.1;LMC503.24.80345;LMC111.3.50409;;;False
OGLE-LMC-CEP-3281;14.078;14.935;9.1254739;4.5e-05;6000.73296;0.33799999999999997;182;6.235;105;5.778;F;05:52:57.27;-69:29:14.4;LMC553.08.3098;LMC190.1.35;;;False
OGLE-LMC-CEP-4064;13.825999999999999;14.503;9.109046000000001;0.0001817;6001.62433;425;192;4.596;47;5.149;F;05:29:58.43;-65:54:20.5;LMC519.30.1;HV12816;;;True
OGLE-LMC-CEP-0871;14.298;15.200999999999999;9.1080554;0.0002638;6007.49192;0.054000000000000006;0.0;;0.0;;F;05:04:47.65;-68:35:22.7;LMC510.22.70;LMC118.6.18271;;;True
OGLE-LMC-CEP-0927;13.991;14.829;9.063455900000001;3.289999999999999e-05;6000.63299;446;295;5.2589999999999995;152;3.573;F;05:05:53.38;-68:07:08.1;LMC510.29.35060;LMC117.7.49474;DV200;;True
OGLE-LMC-CEP-0846;14.017000000000001;14.887;9.0511187;3.0299999999999998e-05;6006.10534;494;264;5.3660000000000005;221;3.9189999999999996;F;05:04:18.13;-68:33:59.9;LMC510.22.76;LMC118.6.49696;HV2297;;True
OGLE-LMC-CEP-0854;13.92;14.725999999999999;9.048601099999999;5.489999999999999e-05;6009.02435;0.28800000000000003;225;5.528;69;4.123;F;05:04:26.61;-67:24:06.0;LMC511.22.5;LMC116.6.6;HV5543;;True
OGLE-LMC-CEP-4650;14.11;;9.0359222;0.0001119;6005.82826;483;182;5.644;0.16899999999999998;5.251;F;05:18:14.61;-66:38:13.7;LMC505.21.3478D;HV2420;;;True
OGLE-LMC-CEP-2440;14.342;15.333;8.967150199999999;0.0001986;6006.50827;64;67;0.8290000000000001;0.0;;F;05:34:33.01;-68:50:13.9;LMC517.11.13171;LMC167.1.46938;;;True
OGLE-LMC-CEP-3339;13.984000000000002;14.828;8.954882000000001;6.01e-05;6006.31615;359;204;6.019;0.11599999999999999;5.414;F;06:02:24.29;-69:15:14.1;LMC561.01.16;;;;True
OGLE-LMC-CEP-3960;14.03;14.89;8.9290179;7.730000000000001e-05;6001.64392;311;233;5.569;145;4.216;F;05:24:39.01;-66:25:51.7;LMC519.16.17289;HV12589;;;True
OGLE-LMC-CEP-1083;13.913;14.667;8.8996793;2.61e-05;6001.0013;0.47;192;5.547000000000001;187;4.953;F;05:08:46.53;-68:10:31.7;LMC510.27.34920;LMC117.2.19531;HV2332;;True
OGLE-LMC-CEP-0046;13.948;14.745;8.8436041;5E-05;6006.17876;502;226;5.148;0.18100000000000002;3.8739999999999997;F;04:43:20.86;-69:13:47.9;LMC539.02.15;LMC142.6.4;HV12717;;True
OGLE-LMC-CEP-0499;14.12;;8.8309672;4.3700000000000005e-05;6004.74682;501;0.24100000000000002;5.127000000000001;174;4.226;F;04:57:50.14;-68:59:22.5;LMC531.18.6329D;LMC127.5.42740;;;True
OGLE-LMC-CEP-1956;14.28;15.252;8.8015455;5.5e-05;6002.462579999999;0.32799999999999996;0.21;5.957999999999999;98;5.124;F;05:25:40.60;-69:50:13.5;LMC516.25.78563;LMC162.6.61367;LMC_SC4_176266;;True
OGLE-LMC-CEP-1214;13.878;14.617;8.771815199999999;1.77e-05;6008.64331;483;218;5.132000000000001;0.18100000000000002;4.037;F;05:11:53.26;-69:06:48.5;LMC503.25.75609;LMC111.6.76123;LMC_SC10_181906;HV913;True
OGLE-LMC-CEP-4562;14.081;14.947000000000001;8.756575900000001;0.0002032;6002.73109;65;73;669;0.0;;F;06:00:51.52;-67:25:39.5;LMC562.18.4;;;;True
OGLE-LMC-CEP-2044;13.999;14.78;8.7505784;3.37e-05;6002.89539;505;0.19699999999999998;5.358;0.19399999999999998;4.704;F;05:27:27.17;-71:52:54.4;LMC501.08.7649;LMC165.1.4547;;;False
OGLE-LMC-CEP-0107;13.947000000000001;14.761;8.7388601;4.2e-05;6001.45703;505;284;5.218999999999999;0.21100000000000002;3.515;F;04:48:51.35;-69:21:22.8;LMC531.14.29326;LMC142.2.18253;HV12452;;True
OGLE-LMC-CEP-3898;13.909;14.697000000000001;8.732719900000001;3.74e-05;6000.72054;501;0.19699999999999998;5.292999999999999;195;4.698;F;05:21:24.09;-66:20:36.0;LMC505.27.12981;HV2461;;;True
OGLE-LMC-CEP-4208;13.966;14.700999999999999;8.7198912;5.8599999999999995e-05;6000.1315;272;0.24;5.933;78;4.949;F;05:37:17.35;-66:45:11.9;LMC555.25.2781;HV2733;;;True
OGLE-LMC-CEP-0963;13.884;14.685;8.713410099999999;4.48e-05;6005.2981899999995;469;309;5.457999999999999;203;3.93;F;05:06:39.89;-68:25:12.7;LMC510.21.50786;LMC118.4.36644;LMC_SC13_194103;HV896;True
OGLE-LMC-CEP-1647;13.939;14.702;8.693076800000002;6.8e-05;6006.3848;0.41200000000000003;0.18600000000000003;5.5;131;4.6339999999999995;F;05:20:37.39;-69:30:56.6;LMC503.11.88161;LMC100.1.19294;LMC_SC6_66530;HV2466;True
OGLE-LMC-CEP-1417;13.972999999999999;14.786;8.6729645;3.53e-05;6007.224929999999;303;245;5.497999999999999;63;4.065;F;05:16:00.22;-69:32:17.4;LMC503.14.38;LMC100.8.16;LMC_SC8_111959;HV2414;True
OGLE-LMC-CEP-4693;14.084000000000001;;8.6696996;0.0007885;6000.14166;0.14300000000000002;98;534;0.0;;F;05:46:20.97;-67:09:14.8;LMC555.10.793D;;;;True
OGLE-LMC-CEP-4153;13.962;14.767999999999999;8.6677668;3.53e-05;6006.33354;0.45899999999999996;276;5.537000000000001;0.20800000000000002;4.243;F;05:34:12.11;-67:23:09.5;LMC518.19.14563;HV2680;;;True
OGLE-LMC-CEP-4402;13.894;14.690999999999999;8.6350439;3.06e-05;6004.71957;375;309;5.555;124;4.167;F;05:47:39.27;-66:58:03.0;LMC555.09.12264;HV2854;;;True
OGLE-LMC-CEP-0922;14.125;14.912;8.6225591;0.0001569;6002.109420000001;297;0.23800000000000002;6.037999999999999;0.09;5.183;F;05:05:49.63;-67:13:11.5;LMC511.21.19066;LMC116.5.12883;;;True
OGLE-LMC-CEP-0218;14.366;;8.6221264;0.0006334;6006.0535899999995;0.27899999999999997;257;5.99;84;4.8580000000000005;F;04:52:07.70;-69:36:50.9;LMC531.12.301D;LMC136.5.12953;;;True
OGLE-LMC-CEP-3802;14.172;14.975999999999999;8.6097834;3.86e-05;6005.4292399999995;341;147;6.244;96;0.040999999999999995;F;05:16:03.91;-66:25:28.3;LMC505.31.22;HV12566;;;True
OGLE-LMC-CEP-1880;14.034;14.87;8.5906394;3.17e-05;6004.0801200000005;493;0.20800000000000002;5.438;0.19699999999999998;4.673;F;05:24:30.11;-71:54:15.4;LMC501.09.21989;LMC165.8.9135;HV12806;;True
OGLE-LMC-CEP-1078;13.93;14.71;8.559479099999999;2.49e-05;6000.70402;0.46399999999999997;0.27899999999999997;5.422000000000001;228;3.91;F;05:08:43.12;-68:45:33.1;LMC510.10.57473;LMC118.2.26600;LMC_SC11_250938;Var/NGC1850;False
OGLE-LMC-CEP-3024;14.235999999999999;15.136;8.5589963;4.2499999999999996e-05;6005.5934799999995;0.38299999999999995;177;5.615;86;5.454;F;05:43:05.96;-69:29:26.5;LMC553.13.22107;LMC183.8.86;;;True
OGLE-LMC-CEP-2348;14.151;15.022;8.5147834;3.7e-05;6007.20981;298;245;5.733;0.07200000000000001;4.688;F;05:33:13.76;-71:48:30.0;LMC514.30.19564;LMC172.8.42669;;;True
OGLE-LMC-CEP-1513;13.95;14.667;8.4608918;2.08e-05;6005.67345;466;217;5.074;168;4.012;F;05:17:55.26;-69:45:46.3;LMC503.05.26650;LMC103.6.24602;LMC_SC7_6475;HV2442;True
OGLE-LMC-CEP-0757;14.232999999999999;;8.4020827;6.21e-05;6006.50624;0.33799999999999997;196;5.999;78;5.482;F;05:02:31.04;-69:23:49.4;LMC509.30.8643D;LMC127.1.55313;;;True
OGLE-LMC-CEP-0520;14.032;14.780999999999999;8.373540299999998;2.1e-05;6006.54802;499;298;5.388;231;3.9130000000000003;F;04:58:22.85;-71:02:32.9;LMC508.24.8;LMC130.2.5;HV2267;;True
OGLE-LMC-CEP-0843;14.505;15.505999999999998;8.3619563;2.8000000000000003e-05;6001.91464;0.38;0.32;5.547000000000001;131;4.1419999999999995;F;05:04:14.14;-69:06:11.5;LMC510.05.56155;LMC119.6.66004;LMC_SC14_156647;HV2300;True
OGLE-LMC-CEP-3646;13.979000000000001;14.749;8.3570758;6.01e-05;6007.5741;401;253;5.42;0.14;4.313;F;05:10:15.57;-66:25:27.8;LMC512.10.40;;;;True
OGLE-LMC-CEP-3470;14.12;14.97;8.3422004;5.2900000000000005e-05;6003.3748399999995;364;295;5.604;0.14300000000000002;4.243;F;04:55:30.26;-66:19:22.9;LMC533.29.5551;HV12218;;;True
OGLE-LMC-CEP-4176;13.936;14.715;8.3382842;3.69e-05;6000.61595;0.40299999999999997;316;5.442;149;3.9560000000000004;F;05:35:36.08;-67:15:56.4;LMC518.18.16681;HV2705;;;True
OGLE-LMC-CEP-0936;14.159;14.972000000000001;8.334261900000001;2.8499999999999998e-05;6006.35346;465;0.29100000000000004;5.531000000000001;0.21;4.101;F;05:06:01.14;-68:37:38.5;LMC510.21.100;LMC118.6.29152;LMC_SC13_111968;;False
OGLE-LMC-CEP-4211;13.97;14.732999999999999;8.326000200000001;3.19e-05;6006.59769;506;0.27;5.386;0.22899999999999998;3.9989999999999997;F;05:37:28.28;-66:37:43.1;LMC555.25.5971;RU;Dor;HV2738;True
OGLE-LMC-CEP-2174;13.841;14.558;8.3030721;3.3799999999999995e-05;6006.69161;512;0.31;5.113;204;3.259;F;05:30:11.07;-71:46:05.5;LMC515.06.3;LMC172.8.23628;HV12823;;True
OGLE-LMC-CEP-4512;14.049000000000001;14.860999999999999;8.2796803;2.6000000000000002e-05;6005.20014;0.49;255;5.428999999999999;222;4.18;F;05:54:28.96;-68:16:53.1;LMC561.31.12;HV2877;NSV02741;;True
OGLE-LMC-CEP-2812;14.127;15.046;8.2753925;2.8100000000000002e-05;6003.43065;395;349;5.398;125;3.7910000000000004;F;05:39:38.36;-70:23:19.3;LMC552.25.44994;LMC177.3.2;LMC_SC17_207446;HV2748;True
OGLE-LMC-CEP-2456;14.270999999999999;15.203;8.258175;6.34e-05;6008.23406;0.14800000000000002;175;5.9510000000000005;0.0;;F;05:34:51.89;-69:24:06.1;LMC516.28.16396;LMC168.1.73502;;;True
OGLE-LMC-CEP-0223;14.292;15.15;8.2392025;3.6e-05;6004.65218;425;253;5.692;0.16899999999999998;4.732;F;04:52:13.34;-69:52:02.0;LMC531.04.22156;LMC136.7.13650;DV17;;True
OGLE-LMC-CEP-3292;14.206;15.094000000000001;8.2326304;6.23e-05;6007.40221;221;231;5.881;31;4.713;F;05:53:32.13;-69:48:44.9;LMC560.24.24;LMC191.3.33;;;True
OGLE-LMC-CEP-1233;13.919;14.652999999999999;8.2100236;1.9600000000000002e-05;6001.955220000001;544;299;5.182;221;3.492;F;05:12:18.79;-68:52:45.1;LMC510.08.19;LMC110.8.74706;LMC_SC10_274140;HV2367;True
OGLE-LMC-CEP-0101;14.692;15.777999999999999;8.192437700000001;0.0003007;6007.89956;42;66;6.068;0.0;;F;04:48:34.23;-69:20:50.2;LMC531.14.29333;LMC142.2.18242;;;True
OGLE-LMC-CEP-1140;13.856;;8.1860593;0.0003344;6007.2093;513;289;5.03;183;3.2689999999999997;F;05:09:56.34;-68:59:40.6;LMC510.10.576D;LMC111.5.43688;LMC_SC11_320035;;True
OGLE-LMC-CEP-1490;13.91;14.619000000000002;8.1699527;1.4000000000000001e-05;6006.97502;536;0.26899999999999996;5.185;222;3.735;F;05:17:24.74;-69:20:57.6;LMC503.13.54430;LMC100.7.34440;LMC_SC8_318671;HV2426;True
OGLE-LMC-CEP-4544;14.013;14.809000000000001;8.1527951;2.7899999999999997e-05;6005.03093;0.28600000000000003;275;5.729;75;4.466;F;05:57:31.51;-67:37:29.4;LMC562.11.27;HV12700;;;True
OGLE-LMC-CEP-3565;13.948;14.69;8.126740700000001;2.71e-05;6006.8358100000005;503;321;5.3839999999999995;201;3.737;F;05:04:56.44;-65:36:25.8;LMC513.06.1;HV2884;;;True
OGLE-LMC-CEP-4379;13.991;14.773;8.0885705;3.8e-05;6006.87165;0.39799999999999996;0.25;5.462999999999999;154;4.254;F;05:46:28.86;-66:00:41.3;LMC556.01.8610;;;;False
OGLE-LMC-CEP-4667;14.083;14.987;8.0774518;0.0006837999999999999;6000.84224;0.47700000000000004;247;5.577999999999999;201;4.456;F;05:27:07.38;-65:18:12.6;LMC520.14.788D;HV12807;;;True
OGLE-LMC-CEP-4008;14.088;14.877;8.076089699999999;5.67e-05;6004.50775;358;285;5.484;115;4.151;F;05:26:56.38;-65:08:36.8;LMC520.14.9396;HV12805;;;True
OGLE-LMC-CEP-2028;14.034;14.776;8.0743421;1.6899999999999997e-05;6005.24211;485;247;5.477;212;4.284;F;05:27:04.99;-69:50:44.5;LMC516.24.76525;LMC162.2.95467;LMC_SC4_417853;HV968;True
OGLE-LMC-CEP-4194;13.805;14.517000000000001;8.024436;2.8300000000000003e-05;6006.9896;0.5429999999999999;0.33799999999999997;5.029;0.19699999999999998;3.054;F;05:36:30.64;-66:36:33.0;LMC555.25.17675;HV2722;;;True
OGLE-LMC-CEP-3929;14.241;15.109000000000002;8.0204586;2.7000000000000002e-05;6003.66928;341;287;5.693;0.11599999999999999;4.502;F;05:22:33.43;-66:34:26.2;LMC505.19.12880;HV12581;;;True
OGLE-LMC-CEP-3553;14.274000000000001;15.145;7.995829400000001;0.0002468;6001.927070000001;0.036000000000000004;42;;0.0;;F;05:04:18.30;-70:35:06.1;LMC508.29.20186;LMC121.8.31354;;;True
OGLE-LMC-CEP-3886;14.004000000000001;14.78;7.9881928;2.49e-05;6006.97034;506;0.28600000000000003;5.4239999999999995;231;4.004;F;05:20:38.49;-66:15:06.0;LMC505.28.13350;HV6104;;;True
OGLE-LMC-CEP-1364;14.162;14.974;7.978264;3.05e-05;6003.717070000001;306;278;5.442;0.07;4.0969999999999995;F;05:15:18.78;-69:13:32.0;LMC503.23.75344;LMC111.3.36879;LMC_SC8_52582;HV917;True
OGLE-LMC-CEP-2775;14.165;15.0;7.9624028;3.4899999999999995e-05;6002.90118;327;222;4.946000000000001;84;3.108;F;05:39:08.07;-70:20:16.6;LMC516.01.14705;LMC177.6.104617;LMC_SC17_153917;HV1014;True
OGLE-LMC-CEP-1112;13.935;14.700999999999999;7.926099000000001;1.95e-05;6006.48838;498;0.36700000000000005;4.914;138;3.03;F;05:09:18.35;-68:17:58.4;LMC510.27.11;LMC117.1.27461;HV2335;;True
OGLE-LMC-CEP-1411;14.347000000000001;15.181;7.9065496;4.94e-05;6007.83096;155;175;6.126;0.0;;F;05:15:58.04;-69:42:43.5;LMC503.06.25334;LMC103.6.53249;LMC_SC8_95310;HV2416;True
OGLE-LMC-CEP-4216;14.440999999999999;15.314;7.9041386;0.0001337;6006.30316;0.11599999999999999;86;0.34299999999999997;0.0;;F;05:37:42.34;-66:28:43.4;LMC519.08.7;;;;True
OGLE-LMC-CEP-3861;14.228;15.042;7.8950857;4.99e-05;6002.8731;282;266;5.756;63;4.53;F;05:19:02.12;-67:27:17.3;LMC505.04.14;HV5730;;;True
OGLE-LMC-CEP-0669;14.199000000000002;15.022;7.8868832;4.23e-05;6007.2335299999995;0.43799999999999994;305;5.556;201;4.225;F;05:01:03.98;-70:51:07.6;LMC508.23.12887;LMC130.4.19479;DV63;;True
OGLE-LMC-CEP-1353;14.159;14.995999999999999;7.882423299999999;1.8e-05;6003.900070000001;0.42;0.32799999999999996;5.5;161;3.9939999999999998;F;05:15:10.42;-69:22:58.0;LMC503.14.98866;LMC111.2.36579;LMC_SC8_33629;HV2400;True
OGLE-LMC-CEP-2968;14.392999999999999;15.339;7.8756987999999994;0.0001179;6000.92697;391;313;5.563;138;4.268;F;05:42:07.91;-69:00:19.3;LMC553.23.35051;LMC183.5.12;;;True
OGLE-LMC-CEP-0050;14.195;15.020999999999999;7.8454429;2.8300000000000003e-05;6005.48757;467;0.36700000000000005;5.3420000000000005;184;3.5780000000000003;F;04:43:40.32;-69:34:14.2;LMC538.26.8;LMC143.5.16;HV12976;;True
OGLE-LMC-CEP-0825;14.134;14.960999999999999;7.8448077000000005;3.570000000000001e-05;6003.82395;271;0.24600000000000002;5.162999999999999;62;3.15;F;05:03:51.26;-68:52:59.1;LMC510.13.149;LMC118.8.51224;LMC_SC14_174756;HV2295;True
OGLE-LMC-CEP-3566;14.067;14.825;7.8330244;2.64e-05;6000.92038;509;317;5.34;0.23;3.6660000000000004;F;05:04:57.13;-71:53:43.7;LMC507.28.9174;HV12752;;;True
OGLE-LMC-CEP-2262;14.190999999999999;15.043;7.8091622;2.01e-05;6000.329229999999;0.41600000000000004;325;5.402;136;3.818;F;05:31:35.29;-69:19:06.8;LMC516.30.29845;LMC168.7.84636;LMV497;HV2626;True
OGLE-LMC-CEP-1884;13.985;;7.7710741;7.2999999999999996e-06;6000.84215;0.5579999999999999;324;5.138999999999999;221;3.2889999999999997;F;05:24:33.27;-69:36:40.2;LMC503.09.712D;LMC162.5.119765;LMC_SC5_416554;;True
OGLE-LMC-CEP-1994;13.97;;7.7543064;0.00044500000000000003;6000.110729999999;0.53;312;5.111000000000001;204;3.259;F;05:26:22.57;-69:36:07.4;LMC503.08.811D;LMC162.4.75727;LMC_SC4_331610;;True
OGLE-LMC-CEP-3317;14.12;14.929;7.7203927;2.3800000000000003e-05;6002.70893;0.43700000000000006;313;5.523;182;4.146;F;05:57:33.12;-69:12:01.7;LMC561.04.32;LMC197.6.6821;;;False
OGLE-LMC-CEP-0884;14.055;14.8;7.707465299999999;2.26e-05;6007.688270000001;557;0.36;5.103;212;3.1660000000000004;F;05:05:08.90;-69:15:12.1;LMC510.04.9;LMC119.7.79202;LMC_SC12_46999;HV2307;True
OGLE-LMC-CEP-0126;14.375;15.296;7.6992572;0.00010429999999999999;6003.44257;0.19;0.21600000000000003;5.5920000000000005;19;3.721;F;04:49:33.99;-66:58:33.0;LMC533.15.8027;LMC138.7.5900;;;True
OGLE-LMC-CEP-1945;14.838;16.022000000000002;7.6852769;2.18e-05;6004.6458299999995;0.35700000000000004;304;5.522;0.08900000000000001;4.098;F;05:25:31.44;-69:50:03.7;LMC516.25.78624;LMC162.6.61462;LMC_SC4_53527;;False
OGLE-LMC-CEP-1442;14.295;15.189;7.679916400000001;0.0001899;6.006.436;0.23800000000000002;263;5.412999999999999;45;;F;05:16:19.62;-69:18:20.2;LMC503.14.53728;LMC100.7.71382;LMC_SC8_230925;;True
OGLE-LMC-CEP-4574;14.017999999999999;14.837;7.672784;5.8899999999999995e-05;6007.57365;257;0.27699999999999997;5.188;0.04;3.4619999999999997;F;06:04:19.96;-68:13:46.1;LMC569.14.17;LMV1640;HV12865;;True
OGLE-LMC-CEP-2336;14.607999999999999;15.595;7.671767999999999;0.00017069999999999998;6004.70003;272;255;5.3;0.022000000000000002;3.8569999999999998;F;05:32:58.52;-69:05:04.5;LMC517.04.18092;LMC168.4.7666;;;True
OGLE-LMC-CEP-4694;14.107000000000001;;7.659660400000001;0.0002499;6001.78593;222;264;5.48;0.0;;F;05:47:03.67;-67:24:05.1;LMC555.02.707D;;;;True
OGLE-LMC-CEP-3285;14.044;14.743;7.6407754;1.99e-05;6007.03234;0.53;292;5.18;0.23399999999999999;3.572;F;05:53:07.87;-69:30:22.1;LMC553.08.3082;LMC190.1.57;HV2868;;True
OGLE-LMC-CEP-4324;14.024000000000001;14.783;7.5958203;5.31e-05;6000.24413;237;177;4.779;32;2.845;F;05:43:35.22;-67:18:48.2;LMC555.04.7299;LMV674;HV2823;;True
OGLE-LMC-CEP-2094;14.26;15.105;7.570126400000001;3.6099999999999997e-05;6000.60341;256;247;5.5360000000000005;31;4.189;F;05:28:31.92;-69:50:54.1;LMC516.23.68617;LMC162.2.136554;LMC_SC3_170205;;False
OGLE-LMC-CEP-2204;14.061;14.788;7.5499106;1.0800000000000002e-05;6002.5986;562;341;5.104;0.21600000000000003;3.2060000000000004;F;05:30:40.69;-69:45:09.0;LMC516.22.76124;LMC169.6.118484;LMC_SC2_180138;HV2603;True
OGLE-LMC-CEP-1463;14.192;15.015;7.5282350000000005;1.7e-05;6006.96806;429;313;5.166;0.14;3.263;F;05:16:54.90;-69:19:50.4;LMC503.13.120097;LMC100.7.17218;LMC_SC8_224901;HV927;True
OGLE-LMC-CEP-2744;14.224;15.112;7.520863799999999;1.87e-05;6005.95607;526;307;5.093;207;3.264;F;05:38:43.41;-70:38:45.5;LMC515.26.42452;LMC177.8.82273;LMC_SC17_76725;HV1012;True
OGLE-LMC-CEP-2008;14.184000000000001;14.931;7.519;5.65e-05;6006.3795;0.21;264;5.459;24;3.6639999999999997;F;05:26:44.67;-69:48:09.6;LMC516.24.76555;LMC162.3.21741;LMC_SC4_295966;;True
OGLE-LMC-CEP-4140;14.447000000000001;15.28;7.5129329;8.13e-05;6006.16354;158;0.17300000000000001;5.985;0.0;;F;05:33:30.83;-72:11:31.9;LMC514.22.13028;;;;True
OGLE-LMC-CEP-3487;14.117;14.841;7.4993657;7.31e-05;6007.4186;518;0.35200000000000004;5.085;192;3.136;F;04:58:22.48;-71:45:54.2;LMC508.07.1;HV12742;;;True
OGLE-LMC-CEP-2050;13.933;14.633;7.49489;1.63e-05;6001.21095;0.5489999999999999;0.40299999999999997;4.959;155;3.04;F;05:27:34.00;-69:51:22.5;LMC516.24.27;LMC162.2.116868;LMC_SC4_417847;HV972;True
OGLE-LMC-CEP-0833;14.442;15.284;7.490800599999999;8.02e-05;6004.27934;0.11900000000000001;0.11900000000000001;5.186;0.0;;F;05:04:00.06;-68:38:54.7;LMC510.22.43;LMC118.6.8877;LMC_SC14_189342;;True
OGLE-LMC-CEP-3518;14.29;15.135;7.490239999999999;0.000184;6002.55073;375;315;5.4670000000000005;0.16699999999999998;4.178999999999999;F;05:01:36.17;-71:19:40.4;LMC508.13.47;HV12433;;;True
OGLE-LMC-CEP-4269;14.280999999999999;15.158;7.4899259;5.05e-05;6002.2156700000005;213;245;5.553;0.018000000000000002;;F;05:40:52.42;-67:19:48.8;LMC555.05.19231;;;;True
OGLE-LMC-CEP-4239;14.327;15.124;7.475928999999999;6.87e-05;6003.3697;131;0.16399999999999998;5.94;0.0;;F;05:38:46.39;-67:05:06.9;LMC555.15.11;LMV1030;HV5986;;True
OGLE-LMC-CEP-0482;14.661;15.655;7.4659114;2.23e-05;6002.76836;425;366;5.23;129;3.534;F;04:57:28.73;-69:13:36.9;LMC531.18.39399;LMC127.6.7280;;;True
OGLE-LMC-CEP-4275;14.411;15.328;7.4601957;0.00018869999999999998;6004.79564;47;75;5.696000000000001;0.0;;F;05:41:07.01;-67:07:45.2;LMC555.13.10860;;;;True
OGLE-LMC-CEP-2012;14.123;14.913;7.4580576;2.2800000000000002e-05;6007.23089;312;342;5.114;0.07;3.573;F;05:26:49.99;-69:45:52.8;LMC516.24.95798;LMC162.3.21752;LMC_SC4_305691;;True
OGLE-LMC-CEP-4501;14.171;14.981;7.4535348;2.6700000000000002e-05;6004.05577;278;309;5.316;0.044000000000000004;3.905;F;05:52:40.84;-67:01:39.0;LMC562.31.25;;;;True
OGLE-LMC-CEP-2066;14.092;14.788;7.4423938;1.1599999999999999e-05;6006.50227;0.5479999999999999;312;5.195;231;3.49;F;05:27:55.00;-69:48:03.9;LMC516.24.14519;LMC162.3.43538;LMC_SC3_62624;HV974;True
OGLE-LMC-CEP-2127;14.311;15.128;7.4128655;2.97e-05;6001.07412;266;258;5.456;32;4.303;F;05:29:14.59;-69:31:05.7;LMC516.31.50637;LMC168.8.25;LMC_SC3_317016;;True
OGLE-LMC-CEP-0292;14.104000000000001;14.83;7.398960000000001;0.0001374;6002.56677;552;341;5.083;228;3.137;F;04:53:35.03;-66:38:55.0;LMC533.22.6234;LMC131.5.21;HV2235;;True
OGLE-LMC-CEP-0915;14.165;14.975999999999999;7.3958633;2.84e-05;6003.9241;0.40299999999999997;374;5.31;149;3.575;F;05:05:41.97;-68:51:05.3;LMC510.12.129;LMC118.8.85640;LMC_SC13_93279;HV2309;True
OGLE-LMC-CEP-1782;14.270999999999999;15.087;7.3931436;2.08e-05;6005.79342;331;311;5.4270000000000005;65;4.004;F;05:22:41.76;-69:35:05.2;LMC503.10.6;LMC162.5.80611;LMC_SC5_67063;;True
OGLE-LMC-CEP-0690;14.242;15.102;7.385688;8.240000000000001e-05;6005.06348;0.16;175;5.13;0.0;;F;05:01:32.41;-67:06:40.3;LMC511.32.17;LMC123.1.5;;;True
OGLE-LMC-CEP-0078;14.315999999999999;15.172;7.3826504;2.24e-05;6001.86552;469;361;5.3;175;3.5239999999999996;F;04:47:00.98;-70:05:52.5;LMC530.31.12086;LMC143.1.14;;;False
OGLE-LMC-CEP-2043;14.335999999999999;15.152999999999999;7.373321400000001;3.59e-05;6005.79432;218;244;5.612;21;4.08;F;05:27:22.96;-69:50:58.1;LMC516.24.76522;LMC162.2.95486;LMC_SC4_417850;;True
OGLE-LMC-CEP-3677;14.222999999999999;15.027000000000001;7.3700760999999995;2.9299999999999997e-05;6001.25365;451;349;5.3870000000000005;187;3.8110000000000004;F;05:11:26.03;-66:30:08.0;LMC512.09.14;HV2341;;;True
OGLE-LMC-CEP-1261;14.347999999999999;15.155999999999999;7.3696204;2.01e-05;6005.40215;451;0.28600000000000003;5.506;228;4.117;F;05:13:10.09;-70:26:44.9;LMC502.24.30913;LMC113.2.42397;HV2386;;True
OGLE-LMC-CEP-4316;14.280999999999999;15.107999999999999;7.355664900000001;2.71e-05;6003.7258600000005;0.34299999999999997;0.3;5.5120000000000005;102;4.1819999999999995;F;05:43:11.78;-67:19:39.7;LMC555.04.3444;HV6032;;;True
OGLE-LMC-CEP-2909;14.732000000000001;15.662;7.3233489;6.87e-05;6000.73333;0.13699999999999998;0.16;6.024;17;5.716;F;05:41:08.95;-69:37:08.3;LMC176.4.12467;;;;True
OGLE-LMC-CEP-2051;14.095;14.834000000000001;7.3202118;1.29e-05;6006.38198;511;358;5.222;183;3.302;F;05:27:36.69;-69:53:43.0;LMC516.24.12;LMC162.2.116870;LMC_SC3_44256;HV2552;True
OGLE-LMC-CEP-1807;14.384;15.244000000000002;7.3092662;4.1700000000000004e-05;6004.10145;0.23399999999999999;258;5.47;21;4.016;F;05:23:04.49;-70:31:13.8;LMC502.19.2;LMC163.7.20;HV12586;;True
OGLE-LMC-CEP-1983;14.287;15.116;7.2946329;2.02e-05;6006.08321;0.32;317;5.402;68;3.7960000000000003;F;05:26:06.26;-69:50:24.6;LMC516.25.14241;LMC162.2.75412;LMC_SC4_176264;HV12040;True
OGLE-LMC-CEP-1389;14.186;14.925999999999998;7.290331200000001;1.8100000000000003e-05;6007.04253;0.39299999999999996;0.34700000000000003;5.358;132;3.7110000000000003;F;05:15:38.37;-69:15:19.7;LMC503.23.20;LMC111.2.86952;LMC_SC8_145094;HV920;True
OGLE-LMC-CEP-1835;14.36;15.25;7.2534542;0.00023890000000000003;6.005.767;77;0.11900000000000001;5.345;0.0;;F;05:23:30.11;-71:48:16.0;LMC501.10.9975;LMC165.8.18614;;;True
OGLE-LMC-CEP-1531;14.571;15.487;7.238639900000001;0.00016450000000000001;6006.7737;185;222;5.371;25;3.135;F;05:18:08.25;-71:31:30.7;LMC501.21.23504;LMC106.6.13481;;;True
OGLE-LMC-CEP-0394;14.357000000000001;15.2;7.236816900000001;3.09e-05;6003.81221;318;319;5.446000000000001;68;4.035;F;04:55:41.46;-68:06:55.5;LMC532.11.16437;LMC133.2.65;;;True
OGLE-LMC-CEP-0158;14.545;15.492;7.2298325;1.93e-05;6000.08705;546;0.38799999999999996;5.07;0.2;3.092;F;04:50:23.41;-69:09:17.4;LMC531.22.28656;LMC135.6.14657;LMV1805;HV12461;True
OGLE-LMC-CEP-2090;14.177999999999999;14.925999999999998;7.2261702;2.0399999999999998e-05;6002.34872;0.5;361;5.2829999999999995;188;3.491;F;05:28:29.64;-69:52:36.6;LMC516.23.54101;LMC162.2.136552;LMC_SC3_162132;HV2568;True
OGLE-LMC-CEP-2425;14.239;15.038;7.2255552;2.71e-05;6007.207420000001;435;0.37799999999999995;5.308;162;3.6;F;05:34:19.57;-67:59:34.3;LMC518.02.14435;LMC166.3.20368;HV1000;;True
OGLE-LMC-CEP-1176;14.299000000000001;15.08;7.224093099999999;5.8399999999999997e-05;6003.90925;0.17;0.12;4.677;0.0;;F;05:10:50.52;-70:12:17.4;LMC509.09.2;LMC113.5.19283;;;True
OGLE-LMC-CEP-4161;14.355;14.981;7.196443400000001;0.0005262;6006.36381;77;141;4.687;0.06;6.239;F;05:34:42.56;-66:17:09.8;LMC519.10.10838;;;;True
OGLE-LMC-CEP-2813;14.724;15.842;7.192819999999999;1.9699999999999998e-05;6002.04269;0.5660000000000001;0.36200000000000004;5.039;0.21;3.068;F;05:39:38.77;-70:02:31.4;LMC516.08.46979;LMC176.1.34245;LMC_SC17_227509;HV2752;True
OGLE-LMC-CEP-1942;14.152000000000001;14.948;7.182519999999999;2.0600000000000003e-05;6004.43844;433;342;5.388;0.19699999999999998;3.7310000000000003;F;05:25:30.26;-69:52:15.6;LMC516.25.64078;LMC162.7.130391;LMC_SC4_44867;HV2517;True
OGLE-LMC-CEP-0033;14.386;15.216;7.1807603;2.8899999999999998e-05;6002.62615;496;0.33799999999999997;5.37;0.21100000000000002;3.6830000000000003;F;04:41:57.93;-69:26:00.8;LMC538.27.9880;LMC149.1.7417;;;True
OGLE-LMC-CEP-2018;14.325;15.177999999999999;7.1714405;1.7e-05;6004.04161;0.46;359;5.269;158;3.56;F;05:26:55.83;-70:04:47.3;LMC516.15.68489;LMC162.1.14853;LMC_SC4_264185;HV2542;True
OGLE-LMC-CEP-0103;13.988;14.675;7.157278;2.51e-05;6003.035260000001;396;287;4.735;92;2.69;F;04:48:35.61;-67:35:00.0;LMC532.32.10247;LMC139.7.6957;HV12727;;True
OGLE-LMC-CEP-1866;14.259;15.058;7.133408900000001;2.09e-05;6000.50069;0.44799999999999995;354;5.377000000000001;185;3.755;F;05:24:19.00;-68:02:02.1;LMC504.18.13;LMC159.6.15624;HV2491;;True
OGLE-LMC-CEP-2198;14.35;15.190999999999999;7.091458199999999;2.36e-05;6007.08678;298;0.27699999999999997;5.3420000000000005;0.044000000000000004;3.85;F;05:30:37.54;-69:46:42.3;LMC516.22.60956;LMC169.6.40947;LMC_SC2_180132;;True
OGLE-LMC-CEP-0380;14.700999999999999;15.683;7.087584599999999;0.00011399999999999999;6000.09022;0.08199999999999999;132;5.178999999999999;0.0;;F;04:55:21.43;-68:39:59.4;LMC532.03.24015;LMC134.2.28115;;;True
OGLE-LMC-CEP-2042;14.234000000000002;14.988;7.070497200000001;1.4499999999999998e-05;6002.65031;405;0.29600000000000004;5.23;142;3.444;F;05:27:21.28;-69:52:19.5;LMC516.24.60254;LMC162.2.95484;LMC_SC4_408742;HV12049;True
OGLE-LMC-CEP-1344;14.165999999999999;14.853;7.0693839999999994;1.6e-05;6002.023679999999;534;341;5.001;193;3.005;F;05:15:04.60;-70:07:10.0;LMC502.31.36398;LMC112.1.17970;HV919;;True
OGLE-LMC-CEP-1642;14.265;14.991;7.0663633;6.74e-05;6001.67098;501;423;5.019;0.14400000000000002;3.275;F;05:20:28.71;-68:04:37.6;LMC504.11.35681;LMC102.2.33;HV935;;True
OGLE-LMC-CEP-3484;14.369000000000002;15.158;7.0647648;2.15e-05;6002.32254;493;344;5.364;213;3.6919999999999997;F;04:57:50.57;-71:25:36.4;LMC508.15.2;HV12428;;;True
OGLE-LMC-CEP-0462;14.338;15.287;7.0590147;3.9399999999999995e-05;6004.922320000001;237;0.18600000000000003;4.711;0.026000000000000002;2.8339999999999996;F;04:57:04.64;-68:34:18.3;LMC532.02.34239;LMC126.6.32056;;;True
OGLE-LMC-CEP-4605;14.282;15.1;7.0427564;7.69e-05;6007.03811;175;221;5.223;17;3.642;F;06:14:18.45;-68:55:17.6;LMC568.27.11;;;;True
OGLE-LMC-CEP-2225;14.370999999999999;15.192;7.024132300000001;1.73e-05;6003.46697;444;0.34299999999999997;5.417000000000001;175;3.872;F;05:30:58.34;-69:57:31.8;LMC516.13.106007;LMC169.7.40924;LMC_SC2_158664;;True
OGLE-LMC-CEP-3791;14.215;15.012;7.022460099999999;2.52e-05;6000.32296;426;374;5.231;127;3.593;F;05:15:56.75;-66:21:17.7;LMC505.31.12878;HV2382;;;True
OGLE-LMC-CEP-1094;14.309000000000001;15.122;7.0104011;1.47e-05;6002.16663;521;415;4.944;153;3.221;F;05:08:54.92;-68:43:10.1;LMC510.10.57538;LMC118.2.97010;LMC_SC11_257269;D34/NGC1850;True
OGLE-LMC-CEP-2269;14.344000000000001;15.127;6.9777252999999995;3.12e-05;6002.95004;374;315;5.212000000000001;113;3.597;F;05:31:42.83;-70:28:07.1;LMC516.05.8252;LMC170.7.72391;HV2628;HV12616;True
OGLE-LMC-CEP-0660;14.460999999999999;;6.9548086;0.00046479999999999997;6.006.644;365;275;5.336;157;3.74;F;05:00:57.56;-69:36:02.7;LMC509.31.446D;LMC128.4.45981;;;True
OGLE-LMC-CEP-0035;14.376;15.154000000000002;6.9435423;2.56e-05;6005.25522;0.40299999999999997;353;5.345;142;3.793;F;04:42:06.31;-67:58:11.6;LMC540.04.14;LMC147.6.4793;;;True
OGLE-LMC-CEP-3335;14.196;14.942;6.9370151;1.9699999999999998e-05;6006.53245;442;0.37;5.2589999999999995;165;3.5180000000000002;F;06:00:23.92;-68:33:22.4;LMC561.19.29;LMC204.6.10;HV12079;;True
OGLE-LMC-CEP-2492;14.305;15.092;6.935734299999999;3.37e-05;6000.8404;0.5589999999999999;0.39799999999999996;5.034;0.18;3.073;F;05:35:31.79;-69:43:22.2;LMC516.20.21096;LMC169.3.108903;LMC_SC16_70661;HV2694;True
OGLE-LMC-CEP-1804;14.440999999999999;15.169;6.926646300000001;6.28e-05;6006.74261;0.42;0.34299999999999997;5.405;133;3.923;F;05:23:01.61;-71:45:25.5;LMC501.19.15261;LMC165.7.4;;;False
OGLE-LMC-CEP-1327;14.347000000000001;15.120999999999999;6.923847;2.3e-05;6006.45649;305;0.21899999999999997;5.109;47;3.33;F;05:14:41.57;-70:42:32.0;LMC502.14.29789;LMC113.1.14237;HV2405;;True
OGLE-LMC-CEP-2099;14.252;14.954;6.8938299;4.04e-05;6003.36605;215;257;5.098;0.027999999999999997;3.4730000000000003;F;05:28:35.10;-69:51:23.3;LMC516.23.54106;LMC162.2.136556;LMC_SC3_170203;;True
OGLE-LMC-CEP-0776;14.065999999999999;14.758;6.893692999999999;1.7100000000000002e-05;6000.65056;547;396;4.766;0.14800000000000002;2.798;F;05:02:57.24;-68:41:43.1;LMC510.14.48204;LMC126.2.65398;LMC_SC14_57956;HV2279;True
OGLE-LMC-CEP-1374;14.47;15.308;6.890272099999999;3.37e-05;6001.71871;215;215;5.263;0.027000000000000003;4.019;F;05:15:25.73;-69:20:27.3;LMC503.14.114441;LMC111.2.36621;LMC_SC8_39745;;True
OGLE-LMC-CEP-0123;14.904000000000002;15.94;6.888538700000001;2.61e-05;6003.986260000001;0.48200000000000004;0.35600000000000004;5.3229999999999995;198;3.5980000000000003;F;04:49:22.43;-69:09:01.8;LMC531.23.8890;LMC142.3.14404;;;True
OGLE-LMC-CEP-0306;14.342;15.173;6.8868598;1.52e-05;6003.96793;568;431;4.881;166;3.159;F;04:53:49.76;-69:34:05.8;LMC531.11.24847;LMC136.4.35;;;True
OGLE-LMC-CEP-1249;14.171;14.959000000000001;6.8786383;1.04e-05;6004.54176;0.49;0.37799999999999995;4.878;138;3.215;F;05:12:47.03;-69:06:08.9;LMC503.25.27050;LMC111.3.50403;LMC_SC9_58697;HV914;True
OGLE-LMC-CEP-4699;14.127;14.78;6.878576299999999;2.27e-05;6003.58339;0.56;358;5.172000000000001;225;3.252;F;05:53:05.71;-67:21:54.6;LMC562.22.825D;;;;True
OGLE-LMC-CEP-0331;14.491;15.452;6.8705819;2.08e-05;6002.74913;345;0.36200000000000004;5.155;84;3.7560000000000002;F;04:54:28.11;-68:29:54.4;LMC532.04.11352;LMC134.4.32;;;True
OGLE-LMC-CEP-1128;14.272;15.035;6.862553699999999;1.6e-05;6000.30195;0.5539999999999999;385;5.152;209;3.235;F;05:09:36.96;-68:02:43.6;LMC511.02.14;LMC117.3.27530;HV2337;;True
OGLE-LMC-CEP-2675;15.692;17.114;6.8563682;9.070000000000001e-05;6001.8698;0.43200000000000005;0.40299999999999997;5.1160000000000005;113;3.616;F;05:37:43.86;-69:35:10.9;LMC516.26.20241;LMC176.5.50234;CV478;;False
OGLE-LMC-CEP-4696;14.200999999999999;;6.8525156;0.00013340000000000002;6001.48323;0.35200000000000004;322;5.117;75;3.847;F;05:50:50.54;-67:08:30.1;LMC562.32.698D;HV13048;LMV1722;;True
OGLE-LMC-CEP-3258;14.419;15.205;6.838076700000001;3.18e-05;6002.8916899999995;0.31;0.32799999999999996;5.332000000000001;81;3.806;F;05:50:57.05;-69:40:31.1;LMC553.01.30497;LMC191.5.18244;HV6065;;True
OGLE-LMC-CEP-1313;14.289000000000001;15.03;6.8326308000000004;1.77e-05;6003.8738299999995;0.34299999999999997;355;5.058;0.11800000000000001;3.281;F;05:14:19.39;-69:29:24.2;LMC503.15.12671;LMC111.1.21370;LMC_SC9_204218;HV2392;True
OGLE-LMC-CEP-3923;14.110999999999999;14.802999999999999;6.820044900000001;2.51e-05;6004.6707799999995;0.39;298;4.638999999999999;0.08900000000000001;2.6830000000000003;F;05:22:23.95;-71:59:18.7;LMC501.10.16204;HV12797;;;True
OGLE-LMC-CEP-1957;14.383;14.799000000000001;6.8141341;3.48e-05;6006.726570000001;485;364;5.167000000000001;146;3.2560000000000002;F;05:25:41.16;-69:50:52.6;LMC516.25.64297;LMC162.7.130399;LMC_SC4_176354;HV2520;True
OGLE-LMC-CEP-1941;14.58;15.520999999999999;6.8066629;4.22e-05;6006.4099;0.23399999999999999;0.26;5.2;0.022000000000000002;4.5680000000000005;F;05:25:29.28;-69:55:12.5;LMC516.16.97646;LMC162.7.52982;LMC_SC4_36266;HV12037;True
OGLE-LMC-CEP-1952;14.235;15.03;6.7821803;8.37e-05;6000.81969;0.18;147;4.724;15;3.404;F;05:25:35.38;-71:08:06.5;LMC515.25.22429;LMC164.7.17092;HV2523;;True
OGLE-LMC-CEP-1424;14.68;15.565999999999999;6.775859599999999;2.6600000000000003e-05;6004.57445;251;0.27899999999999997;5.385;34;3.88;F;05:16:03.85;-69:14:52.4;LMC503.23.98;LMC100.6.71;LMC_SC8_145100;;True
OGLE-LMC-CEP-0308;14.673;15.512;6.7758303;5.5100000000000004e-05;6003.33561;0.18;215;5.523;15;3.572;F;04:54:01.13;-69:18:51.8;LMC531.11.43009;LMC135.2.24209;;;True
OGLE-LMC-CEP-1526;14.309000000000001;15.074000000000002;6.734897500000001;1.63e-05;6000.35271;473;391;5.09;142;3.3110000000000004;F;05:18:03.79;-69:25:36.0;LMC503.13.35977;LMC100.8.110193;LMC_SC7_55964;HV2438;True
OGLE-LMC-CEP-0594;14.382;15.227;6.7331951;4.0799999999999996e-05;6004.73296;187;134;4.738;0.018000000000000002;2.475;F;04:59:45.08;-69:29:35.5;LMC531.08.6968;LMC127.1.4;;;True
OGLE-LMC-CEP-1903;14.423;15.245;6.6968023;1.52e-05;6003.43573;0.39299999999999996;353;5.343999999999999;0.12;3.765;F;05:24:43.91;-69:30:26.8;LMC503.09.14833;LMC161.8.35315;LMC_SC5_432746;;True
OGLE-LMC-CEP-3991;14.23;14.91;6.6951276;1.39e-05;6004.08061;563;0.36;4.9319999999999995;171;2.977;F;05:26:03.94;-66:02:36.8;LMC519.24.18822;HV12988;;;True
OGLE-LMC-CEP-1200;14.495;15.321;6.6769991;1.52e-05;6002.4343;452;375;5.267;146;3.565;F;05:11:31.39;-68:35:29.1;LMC510.18.70;LMC110.6.17119;HV2358;;True
OGLE-LMC-CEP-4107;14.467;15.270999999999999;6.663031299999999;4.93e-05;6000.81189;235;249;5.2989999999999995;35;3.8339999999999996;F;05:31:56.02;-66:42:22.5;LMC519.03.19759;LMV510;HV2642;;True
OGLE-LMC-CEP-1748;14.265999999999998;15.005;6.6318622000000005;1.4099999999999999e-05;6002.67436;541;418;4.918;158;3.188;F;05:22:19.37;-69:37:54.7;LMC503.02.110093;LMC162.5.1;LMC_SC6_404591;HV944;True
OGLE-LMC-CEP-1920;14.491;15.389000000000001;6.620062299999999;2.1e-05;6004.51078;381;364;5.187;87;3.65;F;05:25:15.26;-69:50:59.8;LMC516.25.64181;LMC162.7.130367;LMC_SC4_53458;HV2513;True
OGLE-LMC-CEP-2866;14.587;15.443;6.6132812;2.23e-05;6000.1093200000005;321;267;5.307;69;3.7289999999999996;F;05:40:26.67;-70:19:57.8;LMC552.25.18018;LMC177.3.50395;LMC_SC18_29197;HV2766;True
OGLE-LMC-CEP-2934;14.716;15.765;6.6068819;1.83e-05;6000.29533;522;0.40700000000000003;5.037;162;3.2260000000000004;F;05:41:27.00;-69:10:16.4;LMC553.23.24502;LMC175.3.44589;HV2790;;True
OGLE-LMC-CEP-1950;14.785;15.757;6.6032229000000005;2.22e-05;6004.51172;341;298;5.112;67;3.5980000000000003;F;05:25:34.97;-68:50:19.5;LMC517.16.8173;LMC160.1.32660;V1/NGC1953;HV12905;True
OGLE-LMC-CEP-2805;14.645;15.585;6.588302799999999;3.73e-05;6005.20199;226;265;5.265;23;3.964;F;05:39:32.35;-70:26:28.3;LMC552.25.45008;LMC177.7.93815;LMC_SC17_203718;;True
OGLE-LMC-CEP-0556;14.505999999999998;15.369000000000002;6.5776561000000004;2.68e-05;6005.38914;326;0.33799999999999997;4.988;86;3.623;F;04:59:01.75;-69:02:36.6;LMC531.17.60955;LMC127.5.25568;;;True
OGLE-LMC-CEP-2448;14.544;15.495999999999999;6.563233199999999;2.4100000000000003e-05;6005.009779999999;586;0.42200000000000004;4.68;0.17300000000000001;2.928;F;05:34:40.09;-68:06:40.7;LMC517.27.25866;LMC173.7.7;HV2686;;True
OGLE-LMC-CEP-1226;14.499;15.335;6.5620363;0.00010209999999999999;6.001.476;77;0.11199999999999999;5.345;0.0;;F;05:12:06.60;-66:35:18.4;LMC512.01.16086;LMC107.5.14573;;;True
OGLE-LMC-CEP-1444;14.587;15.32;6.5532358;2.4e-05;6000.80631;341;322;5.252000000000001;94;3.84;F;05:16:24.85;-70:33:09.7;LMC502.13.42564;LMC104.7.7567;;;True
